lead,monsoon_phase,MASE,sCRPS,n,var,model
1,dry,0.08872994899634366,0.23517478536149322,4091,Rainfall,AutoARIMA
1,onset,1.6700166987979206,1.326922569960724,590,Rainfall,AutoARIMA
1,peak,1.4138012835792466,1.0917875885122068,4875,Rainfall,AutoARIMA
1,pre_monsoon,0.6296208710930319,0.5547547864508544,3668,Rainfall,AutoARIMA
1,withdrawal,0.5157987214977092,0.5138374500185688,1188,Rainfall,AutoARIMA
7,dry,0.12094383070760506,0.2595085486511988,4092,Rainfall,AutoARIMA
7,onset,1.437071198764698,1.01244173044173,627,Rainfall,AutoARIMA
7,peak,1.502516297164763,1.151474959060208,4841,Rainfall,AutoARIMA
7,pre_monsoon,0.7274689681744811,0.637384411605761,3668,Rainfall,AutoARIMA
7,withdrawal,0.40198466688193535,0.38697943927172623,1184,Rainfall,AutoARIMA
30,dry,0.1718901289975743,0.30688710185511947,4128,Rainfall,AutoARIMA
30,onset,1.5343312791979948,1.124892359214587,595,Rainfall,AutoARIMA
30,peak,1.4079622978203563,1.0563110447870998,4885,Rainfall,AutoARIMA
30,pre_monsoon,0.7213777119865565,0.6190822338672973,3630,Rainfall,AutoARIMA
30,withdrawal,0.8934082329906389,0.8325580045393296,1174,Rainfall,AutoARIMA
1,dry,0.09256968025185451,0.24581928579406503,4091,Rainfall,AutoETS
1,onset,1.7788996167036657,1.3947622359049612,590,Rainfall,AutoETS
1,peak,1.45821819696395,1.1258080755031574,4875,Rainfall,AutoETS
1,pre_monsoon,0.6170548936001322,0.5466370098457097,3668,Rainfall,AutoETS
1,withdrawal,0.563784172131095,0.5421540180223815,1188,Rainfall,AutoETS
7,dry,0.11968188742430433,0.2757561689160459,4092,Rainfall,AutoETS
7,onset,1.4824234550445443,1.05760989851317,627,Rainfall,AutoETS
7,peak,1.587355274590301,1.2260576162689742,4841,Rainfall,AutoETS
7,pre_monsoon,0.736668970341367,0.6558988297210182,3668,Rainfall,AutoETS
7,withdrawal,0.437306923452856,0.42194004865798285,1184,Rainfall,AutoETS
30,dry,0.1863082903197233,0.35824021918306265,4128,Rainfall,AutoETS
30,onset,1.4952922345206623,1.1283172867637565,595,Rainfall,AutoETS
30,peak,1.4550616106867493,1.1177787505984647,4885,Rainfall,AutoETS
30,pre_monsoon,0.7362096906902492,0.6672893976935728,3630,Rainfall,AutoETS
30,withdrawal,0.9380225110780684,0.8759661153446975,1174,Rainfall,AutoETS
1,dry,0.08222344877424174,0.29297268911657454,4091,Rainfall,AutoTheta
1,onset,1.73803871108507,1.388840991567621,590,Rainfall,AutoTheta
1,peak,1.4357680237414179,1.139201726805826,4875,Rainfall,AutoTheta
1,pre_monsoon,0.6090660144825627,0.5856054109095437,3668,Rainfall,AutoTheta
1,withdrawal,0.6329472544430582,0.6238221328532072,1188,Rainfall,AutoTheta
7,dry,0.11520140046399283,0.2825756477870316,4092,Rainfall,AutoTheta
7,onset,1.47054350889551,1.0572023656976954,627,Rainfall,AutoTheta
7,peak,1.6041725932850146,1.2461087529911563,4841,Rainfall,AutoTheta
7,pre_monsoon,0.7449046562314099,0.6692269172938091,3668,Rainfall,AutoTheta
7,withdrawal,0.5094400346120956,0.4668764413390822,1184,Rainfall,AutoTheta
30,dry,0.2163162724462859,0.3582942232407049,4128,Rainfall,AutoTheta
30,onset,1.480268136972989,1.0939849351836852,595,Rainfall,AutoTheta
30,peak,1.4632745170820936,1.101246826635406,4885,Rainfall,AutoTheta
30,pre_monsoon,0.7402758564649661,0.6561090797750138,3630,Rainfall,AutoTheta
30,withdrawal,0.9487705767973755,0.8608950274677277,1174,Rainfall,AutoTheta
1,dry,0.04330652499553296,0.053144967955622464,4091,Rainfall,DLinear
1,onset,1.6096507420766775,1.5155058299614976,590,Rainfall,DLinear
1,peak,1.3508319310089378,1.24803206981869,4875,Rainfall,DLinear
1,pre_monsoon,0.5618986672926405,0.5141439663621442,3668,Rainfall,DLinear
1,withdrawal,0.43704081107318576,0.3990342613421662,1188,Rainfall,DLinear
7,dry,0.06684876190438838,0.07510020283903475,4092,Rainfall,DLinear
7,onset,1.3377235155567717,1.236589807219152,627,Rainfall,DLinear
7,peak,1.4488456957348987,1.346884245373681,4841,Rainfall,DLinear
7,pre_monsoon,0.6599927265647672,0.6064953958808187,3668,Rainfall,DLinear
7,withdrawal,0.31483696252795706,0.27085873140280015,1184,Rainfall,DLinear
30,dry,0.11639064281208637,0.1288964442898145,4128,Rainfall,DLinear
30,onset,1.4621711944693498,1.3383542007659857,595,Rainfall,DLinear
30,peak,1.342781769803376,1.229696496426761,4885,Rainfall,DLinear
30,pre_monsoon,0.653145796448572,0.5917631835655911,3630,Rainfall,DLinear
30,withdrawal,0.8279435240537172,0.7700686587656018,1174,Rainfall,DLinear
1,dry,0.04208569320339467,0.0415259750325421,4091,Rainfall,NHITS
1,onset,1.4171086340247443,1.1994618606406977,590,Rainfall,NHITS
1,peak,1.1059391064236779,0.9268856143689445,4875,Rainfall,NHITS
1,pre_monsoon,0.42311857043978196,0.3865849824670466,3668,Rainfall,NHITS
1,withdrawal,0.33661469805135763,0.3155253650370227,1188,Rainfall,NHITS
7,dry,0.06867986111276024,0.06780834458176464,4092,Rainfall,NHITS
7,onset,0.8916731721275032,0.7861377190934092,627,Rainfall,NHITS
7,peak,1.2396807169321553,1.0336562438410664,4841,Rainfall,NHITS
7,pre_monsoon,0.583205968929334,0.5117848287450343,3668,Rainfall,NHITS
7,withdrawal,0.20099783653576878,0.19000050443953231,1184,Rainfall,NHITS
30,dry,0.13481200086736894,0.1291945712624395,4128,Rainfall,NHITS
30,onset,1.1624884546056726,0.969403630992725,595,Rainfall,NHITS
30,peak,1.076162051519039,0.9067738191769616,4885,Rainfall,NHITS
30,pre_monsoon,0.5538706699191119,0.4928653179498033,3630,Rainfall,NHITS
30,withdrawal,0.7356152891816014,0.705182409633162,1174,Rainfall,NHITS
1,dry,0.06208981836675295,0.05969904330791314,4091,Rainfall,PatchTST
1,onset,1.450121937519177,1.2392790800498916,590,Rainfall,PatchTST
1,peak,1.1641088385842815,0.9682243591243086,4875,Rainfall,PatchTST
1,pre_monsoon,0.4801216276014076,0.42393548416666016,3668,Rainfall,PatchTST
1,withdrawal,0.3796739566578953,0.33639301787549003,1188,Rainfall,PatchTST
7,dry,0.075407195030118,0.08070360491479302,4092,Rainfall,PatchTST
7,onset,1.0343304180524857,0.8454368799903755,627,Rainfall,PatchTST
7,peak,1.29821999336917,1.0792455160231456,4841,Rainfall,PatchTST
7,pre_monsoon,0.6122476914456129,0.544303334189296,3668,Rainfall,PatchTST
7,withdrawal,0.23148699050703112,0.22069657209789711,1184,Rainfall,PatchTST
30,dry,0.12345629915749445,0.1375019506895654,4128,Rainfall,PatchTST
30,onset,1.2218683382245819,1.0163421049666272,595,Rainfall,PatchTST
30,peak,1.1338019153756234,0.9417682276799156,4885,Rainfall,PatchTST
30,pre_monsoon,0.5701111988078972,0.5145605995850929,3630,Rainfall,PatchTST
30,withdrawal,0.7380807874543329,0.7120372423593834,1174,Rainfall,PatchTST
1,dry,0.042075671395010936,0.040389592204070554,4091,Rainfall,chronos2
1,onset,1.424008005935516,1.2130306584471475,590,Rainfall,chronos2
1,peak,1.114171019418106,0.92955275623313,4875,Rainfall,chronos2
1,pre_monsoon,0.4116775177762901,0.3701878875382778,3668,Rainfall,chronos2
1,withdrawal,0.33027872530411123,0.31642894783659686,1188,Rainfall,chronos2
7,dry,0.06722338396846077,0.06542892328961691,4092,Rainfall,chronos2
7,onset,0.853098856859847,0.7521123570704846,627,Rainfall,chronos2
7,peak,1.2399725198834488,1.0378707624353205,4841,Rainfall,chronos2
7,pre_monsoon,0.5755078067378084,0.5085195333612735,3668,Rainfall,chronos2
7,withdrawal,0.1793292339070671,0.17496947327079784,1184,Rainfall,chronos2
30,dry,0.11870063376282142,0.11744362530062658,4128,Rainfall,chronos2
30,onset,1.1348894211202327,0.9519535516438001,595,Rainfall,chronos2
30,peak,1.0574373033909064,0.9032043901137288,4885,Rainfall,chronos2
30,pre_monsoon,0.5360600084091666,0.4772958646956802,3630,Rainfall,chronos2
30,withdrawal,0.7099952666286203,0.6976231168625902,1174,Rainfall,chronos2
1,dry,0.03995411907700552,0.040297603541578075,4091,Rainfall,chronos_bolt
1,onset,1.4254346113082734,1.22514759301464,590,Rainfall,chronos_bolt
1,peak,1.1120961329381902,0.9435644261603195,4875,Rainfall,chronos_bolt
1,pre_monsoon,0.41265980870879754,0.3698022978677894,3668,Rainfall,chronos_bolt
1,withdrawal,0.3330102194440049,0.3252725763765979,1188,Rainfall,chronos_bolt
7,dry,0.06495205723773907,0.06439506148152323,4092,Rainfall,chronos_bolt
7,onset,0.8488914983584765,0.747257499989978,627,Rainfall,chronos_bolt
7,peak,1.2381062980717934,1.0494487531255248,4841,Rainfall,chronos_bolt
7,pre_monsoon,0.580919286564283,0.5156401288383121,3668,Rainfall,chronos_bolt
7,withdrawal,0.1807371816551632,0.17643572723376708,1184,Rainfall,chronos_bolt
30,dry,0.11558054942475854,0.1164839664077174,4128,Rainfall,chronos_bolt
30,onset,1.1322139856615085,0.9522226840661768,595,Rainfall,chronos_bolt
30,peak,1.0576945846552053,0.8986483870121046,4885,Rainfall,chronos_bolt
30,pre_monsoon,0.5414115981602132,0.481554697106283,3630,Rainfall,chronos_bolt
30,withdrawal,0.708815744352684,0.6950808082427707,1174,Rainfall,chronos_bolt
1,dry,0.037163294703100355,0.037164340124757334,4091,Rainfall,climatology
1,onset,1.4418650491373073,1.236735411699542,590,Rainfall,climatology
1,peak,1.1493749049306108,0.9682472797625762,4875,Rainfall,climatology
1,pre_monsoon,0.40182570643477866,0.3648275595196695,3668,Rainfall,climatology
1,withdrawal,0.3225665846840222,0.3170974429398532,1188,Rainfall,climatology
7,dry,0.061677109519260975,0.06163030741861161,4092,Rainfall,climatology
7,onset,0.8492398480004443,0.7525081919084783,627,Rainfall,climatology
7,peak,1.2258918787923574,1.019979071624966,4841,Rainfall,climatology
7,pre_monsoon,0.5738479419060822,0.5031563136877323,3668,Rainfall,climatology
7,withdrawal,0.17276097081424072,0.16720299257931598,1184,Rainfall,climatology
30,dry,0.11356447690679547,0.11355603124770265,4128,Rainfall,climatology
30,onset,1.120120540325114,0.9430745160877065,595,Rainfall,climatology
30,peak,1.0504999624158884,0.8904477075911897,4885,Rainfall,climatology
30,pre_monsoon,0.5326672763717747,0.47795659039399996,3630,Rainfall,climatology
30,withdrawal,0.7027597009845349,0.6868611997419567,1174,Rainfall,climatology
1,dry,0.07823989366200156,0.08690620786162531,4091,Rainfall,lightgbm
1,onset,1.7469006743595463,1.4644918213955829,590,Rainfall,lightgbm
1,peak,1.4786009418897137,1.1998997894795354,4875,Rainfall,lightgbm
1,pre_monsoon,0.622263342605402,0.4698182706792652,3668,Rainfall,lightgbm
1,withdrawal,0.5651132973596247,0.4299208979880886,1188,Rainfall,lightgbm
7,dry,0.10618419503085527,0.10854438284985539,4092,Rainfall,lightgbm
7,onset,1.4301639774399149,1.1162207670282636,627,Rainfall,lightgbm
7,peak,1.5089419759192675,1.2406802073280867,4841,Rainfall,lightgbm
7,pre_monsoon,0.7285419476184877,0.5832149579804747,3668,Rainfall,lightgbm
7,withdrawal,0.40902469201564506,0.2789131028464544,1184,Rainfall,lightgbm
30,dry,0.15786107596311041,0.1619620074194059,4128,Rainfall,lightgbm
30,onset,1.533069293479158,1.237942133499708,595,Rainfall,lightgbm
30,peak,1.4209978974637505,1.1337154178114608,4885,Rainfall,lightgbm
30,pre_monsoon,0.7283006337577916,0.5729339280556214,3630,Rainfall,lightgbm
30,withdrawal,0.9048844798369907,0.7679032465202679,1174,Rainfall,lightgbm
1,dry,0.04124659530140746,0.039655140780492766,4091,Rainfall,moirai2
1,onset,1.4183158991107436,1.2241203603866933,590,Rainfall,moirai2
1,peak,1.1105648653542295,0.9289490938414076,4875,Rainfall,moirai2
1,pre_monsoon,0.4123488970121497,0.37025570769345667,3668,Rainfall,moirai2
1,withdrawal,0.3354070081573741,0.3254730155044245,1188,Rainfall,moirai2
7,dry,0.06354064979007874,0.06373734221312488,4092,Rainfall,moirai2
7,onset,0.853032402843095,0.7481449347042366,627,Rainfall,moirai2
7,peak,1.2343987030463608,1.0392282192226678,4841,Rainfall,moirai2
7,pre_monsoon,0.5746197559467824,0.5132078560245653,3668,Rainfall,moirai2
7,withdrawal,0.18348376289859078,0.1804170923894791,1184,Rainfall,moirai2
30,dry,0.11899474367374165,0.11762977523237685,4128,Rainfall,moirai2
30,onset,1.129113948171734,0.9449364632075118,595,Rainfall,moirai2
30,peak,1.0524576665639374,0.8908564656549074,4885,Rainfall,moirai2
30,pre_monsoon,0.5351415104566755,0.4837876321919689,3630,Rainfall,moirai2
30,withdrawal,0.7157997697789069,0.7005528894379773,1174,Rainfall,moirai2
1,dry,0.06680926618860555,0.08584254911845197,4091,Rainfall,naive
1,onset,1.6196174638673833,1.5184749150190178,590,Rainfall,naive
1,peak,1.491217992252018,1.3895542776048488,4875,Rainfall,naive
1,pre_monsoon,0.776852220942546,0.7372104722819639,3668,Rainfall,naive
1,withdrawal,0.37116804174203905,0.36874993466775235,1188,Rainfall,naive
7,dry,0.08177654421599531,0.1084993151414985,4092,Rainfall,naive
7,onset,1.5492152304145073,1.4161305472595414,627,Rainfall,naive
7,peak,1.909038518489931,1.7494466815666079,4841,Rainfall,naive
7,pre_monsoon,0.8942972068864622,0.8341562959796606,3668,Rainfall,naive
7,withdrawal,0.5266347315728349,0.4948361498311806,1184,Rainfall,naive
30,dry,0.1813553438200417,0.20186123308483966,4128,Rainfall,naive
30,onset,1.3865295364095198,1.2501646715347967,595,Rainfall,naive
30,peak,1.7829622827732643,1.6263379197291772,4885,Rainfall,naive
30,pre_monsoon,0.7102066901265123,0.6678756110815678,3630,Rainfall,naive
30,withdrawal,1.3736814942793756,1.2840829403718277,1174,Rainfall,naive
1,dry,0.0981201805885423,0.12209499552808686,4091,Rainfall,seasonal_naive
1,onset,1.711786397092978,1.5861312704800619,590,Rainfall,seasonal_naive
1,peak,1.8164519261616365,1.6746170357971122,4875,Rainfall,seasonal_naive
1,pre_monsoon,0.8199020275179244,0.7657436766477614,3668,Rainfall,seasonal_naive
1,withdrawal,0.464449560654378,0.45858456491732474,1188,Rainfall,seasonal_naive
7,dry,0.09501039896712969,0.11927420670829217,4092,Rainfall,seasonal_naive
7,onset,1.529241022487766,1.4088144009125196,627,Rainfall,seasonal_naive
7,peak,1.865019927751156,1.7171446093038514,4841,Rainfall,seasonal_naive
7,pre_monsoon,0.8608339625999178,0.801345141988738,3668,Rainfall,seasonal_naive
7,withdrawal,0.3042742215836298,0.3019731682313621,1184,Rainfall,seasonal_naive
30,dry,0.14167988009504634,0.1638334374010986,4128,Rainfall,seasonal_naive
30,onset,1.957247692156352,1.8148521030333857,595,Rainfall,seasonal_naive
30,peak,1.7017436466177067,1.5682424672142654,4885,Rainfall,seasonal_naive
30,pre_monsoon,0.7937504698072784,0.7410169166027903,3630,Rainfall,seasonal_naive
30,withdrawal,0.9929377328482178,0.9668118095290641,1174,Rainfall,seasonal_naive
1,dry,0.06615923089429929,0.06154375068967302,4091,Rainfall,sundial
1,onset,1.4618184318397065,1.3150927063000923,590,Rainfall,sundial
1,peak,1.1791423578707119,1.0376433522969568,4875,Rainfall,sundial
1,pre_monsoon,0.5104355480739554,0.46091146294782015,3668,Rainfall,sundial
1,withdrawal,0.4102609641999557,0.3884415476742805,1188,Rainfall,sundial
7,dry,0.10495873130810777,0.09732812781386434,4092,Rainfall,sundial
7,onset,1.0804453663619336,0.9524682883540447,627,Rainfall,sundial
7,peak,1.2988850709902768,1.1544357140277444,4841,Rainfall,sundial
7,pre_monsoon,0.6549328700079831,0.5964028634550406,3668,Rainfall,sundial
7,withdrawal,0.3110131171850161,0.28796541438297824,1184,Rainfall,sundial
30,dry,0.15970650345001147,0.14499985688712025,4128,Rainfall,sundial
30,onset,1.2723011681994265,1.1157333667508391,595,Rainfall,sundial
30,peak,1.1441197431838086,1.0122718510108666,4885,Rainfall,sundial
30,pre_monsoon,0.6430723868111513,0.573736761334972,3630,Rainfall,sundial
30,withdrawal,0.8312330976153484,0.7875350770881917,1174,Rainfall,sundial
1,dry,0.04100841997926377,0.042602993903225715,4091,Rainfall,timesfm25
1,onset,1.4150266765835904,1.2466930935458393,590,Rainfall,timesfm25
1,peak,1.1241494116297008,0.9576573214109857,4875,Rainfall,timesfm25
1,pre_monsoon,0.4296431194619411,0.3816492562109169,3668,Rainfall,timesfm25
1,withdrawal,0.3551388207398495,0.3377830214315653,1188,Rainfall,timesfm25
7,dry,0.06367543038841128,0.06577384409499405,4092,Rainfall,timesfm25
7,onset,0.871105462450408,0.7453463371859597,627,Rainfall,timesfm25
7,peak,1.2372686706094176,1.044455806162427,4841,Rainfall,timesfm25
7,pre_monsoon,0.572027304476083,0.5169083436943592,3668,Rainfall,timesfm25
7,withdrawal,0.19119316964305666,0.18576904123857602,1184,Rainfall,timesfm25
30,dry,0.12063644196461859,0.12299034267023107,4128,Rainfall,timesfm25
30,onset,1.1394893662060148,0.9537843167479704,595,Rainfall,timesfm25
30,peak,1.0518187729900006,0.8904992810189547,4885,Rainfall,timesfm25
30,pre_monsoon,0.540150323810109,0.48942150874060514,3630,Rainfall,timesfm25
30,withdrawal,0.7141986681322937,0.7015062830499283,1174,Rainfall,timesfm25
1,dry,0.03977147429638499,0.03881057476868843,4091,Rainfall,tirex
1,onset,1.4174526916965613,1.2172076386716897,590,Rainfall,tirex
1,peak,1.1127471774266466,0.9237215019573692,4875,Rainfall,tirex
1,pre_monsoon,0.4155923648685356,0.37246157975876165,3668,Rainfall,tirex
1,withdrawal,0.32790016913295644,0.30998661312290504,1188,Rainfall,tirex
7,dry,0.06428794315791339,0.06344701224286117,4092,Rainfall,tirex
7,onset,0.8440332755863578,0.7384658155411751,627,Rainfall,tirex
7,peak,1.240817576002538,1.0368479631369325,4841,Rainfall,tirex
7,pre_monsoon,0.5719862651174277,0.5086928092984448,3668,Rainfall,tirex
7,withdrawal,0.17747687523520334,0.1756149418272195,1184,Rainfall,tirex
30,dry,0.11675120986510737,0.11635219949407893,4128,Rainfall,tirex
30,onset,1.128564142826663,0.9451437883432446,595,Rainfall,tirex
30,peak,1.057335092615228,0.8945080554006997,4885,Rainfall,tirex
30,pre_monsoon,0.5339581116973905,0.4767185133415528,3630,Rainfall,tirex
30,withdrawal,0.7063189697774581,0.6897469838319675,1174,Rainfall,tirex
1,dry,0.038143283210195805,0.03942322578760394,4091,Rainfall,toto2
1,onset,1.4098478663843776,1.21350783404982,590,Rainfall,toto2
1,peak,1.1178561296815606,0.928159516812171,4875,Rainfall,toto2
1,pre_monsoon,0.42448693663510717,0.3755416711862635,3668,Rainfall,toto2
1,withdrawal,0.33273122529658655,0.3058458902775976,1188,Rainfall,toto2
7,dry,0.062158387761766846,0.06277148211778515,4092,Rainfall,toto2
7,onset,0.8584437466181367,0.748426739874258,627,Rainfall,toto2
7,peak,1.2382433989137769,1.0362915507481607,4841,Rainfall,toto2
7,pre_monsoon,0.5717991128105797,0.511649309761842,3668,Rainfall,toto2
7,withdrawal,0.17543963286190728,0.17696425211167907,1184,Rainfall,toto2
30,dry,0.1142132568826009,0.11555350318935942,4128,Rainfall,toto2
30,onset,1.151804746047926,0.9568433679637857,595,Rainfall,toto2
30,peak,1.06010498066511,0.9003355002305643,4885,Rainfall,toto2
30,pre_monsoon,0.5332220475289267,0.48292232057817014,3630,Rainfall,toto2
30,withdrawal,0.7041041462000945,0.688735269213438,1174,Rainfall,toto2
1,dry,0.15077737450413806,0.15077737450413806,4091,Rainfall,ttm_r2
1,onset,1.5733425648498862,1.5733425648498862,590,Rainfall,ttm_r2
1,peak,1.333435509334077,1.333435509334077,4875,Rainfall,ttm_r2
1,pre_monsoon,0.6069254639799552,0.6069254639799552,3668,Rainfall,ttm_r2
1,withdrawal,0.6038404112241433,0.6038404112241434,1188,Rainfall,ttm_r2
7,dry,0.22006133345890364,0.22006133345890364,4092,Rainfall,ttm_r2
7,onset,1.2205642815529893,1.2205642815529893,627,Rainfall,ttm_r2
7,peak,1.4513354070303541,1.4513354070303541,4841,Rainfall,ttm_r2
7,pre_monsoon,0.7068431264222624,0.7068431264222624,3668,Rainfall,ttm_r2
7,withdrawal,0.5918315561018485,0.5918315561018485,1184,Rainfall,ttm_r2
30,dry,0.3902217090371529,0.3902217090371529,4128,Rainfall,ttm_r2
30,onset,1.2308068558141358,1.2308068558141358,595,Rainfall,ttm_r2
30,peak,1.2855707581979745,1.2855707581979745,4885,Rainfall,ttm_r2
30,pre_monsoon,0.6653857170927214,0.6653857170927214,3630,Rainfall,ttm_r2
30,withdrawal,1.145095493610455,1.145095493610455,1174,Rainfall,ttm_r2
1,dry,0.4728200712682105,0.37486357687887867,3751,Temperature,AutoARIMA
1,onset,0.6202013163130538,0.4789912475792448,568,Temperature,AutoARIMA
1,peak,0.4554632604298304,0.35283920750893516,4659,Temperature,AutoARIMA
1,pre_monsoon,0.5734315640333454,0.456367010381182,3452,Temperature,AutoARIMA
1,withdrawal,0.45644473199981506,0.3692949786955806,1031,Temperature,AutoARIMA
7,dry,0.7351763129015021,0.5716415087335938,3736,Temperature,AutoARIMA
7,onset,0.8160457039945268,0.6293879061945198,605,Temperature,AutoARIMA
7,peak,0.6521754329698516,0.5042598311992064,4636,Temperature,AutoARIMA
7,pre_monsoon,0.7989185196446716,0.6146372917834544,3444,Temperature,AutoARIMA
7,withdrawal,0.6585392911663286,0.5112292304698264,1040,Temperature,AutoARIMA
30,dry,0.8410216113727959,0.6532761525175379,3704,Temperature,AutoARIMA
30,onset,0.82469089916634,0.633532655790991,566,Temperature,AutoARIMA
30,peak,0.658117640459939,0.505909295751785,4677,Temperature,AutoARIMA
30,pre_monsoon,0.9090950402213345,0.7053791797385784,3388,Temperature,AutoARIMA
30,withdrawal,0.704609087871824,0.5537772339478587,1126,Temperature,AutoARIMA
1,dry,0.4963283167123932,0.39665227598049985,3751,Temperature,AutoETS
1,onset,0.639675950290017,0.5020369111146877,568,Temperature,AutoETS
1,peak,0.4841184550438489,0.37989592059920363,4659,Temperature,AutoETS
1,pre_monsoon,0.5975170350901386,0.4817612734632267,3452,Temperature,AutoETS
1,withdrawal,0.46293836495897756,0.38446644556825144,1031,Temperature,AutoETS
7,dry,0.9226395982257208,0.732256636850641,3736,Temperature,AutoETS
7,onset,1.1482524479531335,0.8791737277444946,605,Temperature,AutoETS
7,peak,0.8228851490207861,0.6751070639758585,4636,Temperature,AutoETS
7,pre_monsoon,0.9372964123834868,0.7532890184708184,3444,Temperature,AutoETS
7,withdrawal,1.0460300820917563,0.803837134962345,1040,Temperature,AutoETS
30,dry,1.0660968819117866,1.0621307578354158,3704,Temperature,AutoETS
30,onset,1.2074373996818726,1.0923447510458792,566,Temperature,AutoETS
30,peak,0.8636424462136564,0.9737136245436505,4677,Temperature,AutoETS
30,pre_monsoon,1.1380558317003524,1.0888359799430765,3388,Temperature,AutoETS
30,withdrawal,0.9018853526833106,0.9842681373015373,1126,Temperature,AutoETS
1,dry,0.4964479516503242,0.4014352791646741,3751,Temperature,AutoTheta
1,onset,0.6398616568534535,0.5011466090473067,568,Temperature,AutoTheta
1,peak,0.4841586724112472,0.38317994911521924,4659,Temperature,AutoTheta
1,pre_monsoon,0.5974525378616486,0.4837634315506925,3452,Temperature,AutoTheta
1,withdrawal,0.4631695551909699,0.39410299854824526,1031,Temperature,AutoTheta
7,dry,0.9227648107172005,0.7386882576683799,3736,Temperature,AutoTheta
7,onset,1.1483663772944737,0.8823989742948243,605,Temperature,AutoTheta
7,peak,0.8229713671074559,0.6835974600797848,4636,Temperature,AutoTheta
7,pre_monsoon,0.9375756099394225,0.7599835414414794,3444,Temperature,AutoTheta
7,withdrawal,1.045935288770355,0.8064667537742668,1040,Temperature,AutoTheta
30,dry,1.067583515989812,1.088169246818464,3704,Temperature,AutoTheta
30,onset,1.2087024971015434,1.1224738339958664,566,Temperature,AutoTheta
30,peak,0.8642649572586882,1.0090080809902986,4677,Temperature,AutoTheta
30,pre_monsoon,1.1385344071260157,1.1145215703582396,3388,Temperature,AutoTheta
30,withdrawal,0.9038046709311968,1.0072241965788638,1126,Temperature,AutoTheta
1,dry,0.5282334021683489,0.4544544732441674,3751,Temperature,DLinear
1,onset,0.6470615693087657,0.5660693635938385,568,Temperature,DLinear
1,peak,0.4684785486305063,0.3997893460590325,4659,Temperature,DLinear
1,pre_monsoon,0.6183140094530829,0.5446649333640969,3452,Temperature,DLinear
1,withdrawal,0.5028300324965154,0.4388156923090358,1031,Temperature,DLinear
7,dry,0.7172309557233827,0.6349962288296749,3736,Temperature,DLinear
7,onset,0.8020152206641149,0.7218097363564102,605,Temperature,DLinear
7,peak,0.6422654944696602,0.5627691591364175,4636,Temperature,DLinear
7,pre_monsoon,0.7951427798651776,0.7114030430557248,3444,Temperature,DLinear
7,withdrawal,0.6752605624763369,0.5905999931692433,1040,Temperature,DLinear
30,dry,0.8153955620129095,0.727483532815337,3704,Temperature,DLinear
30,onset,0.8126942473988512,0.7215977277999067,566,Temperature,DLinear
30,peak,0.6421980544519792,0.5591329762947524,4677,Temperature,DLinear
30,pre_monsoon,0.9171210803365536,0.8221363213753475,3388,Temperature,DLinear
30,withdrawal,0.6784880218119708,0.5974577999806573,1126,Temperature,DLinear
1,dry,0.48585562859431886,0.3834006559822273,3751,Temperature,NHITS
1,onset,0.6539670713062801,0.5036875287789989,568,Temperature,NHITS
1,peak,0.4709063660946193,0.3655243509973017,4659,Temperature,NHITS
1,pre_monsoon,0.5838180002214327,0.46568722031162924,3452,Temperature,NHITS
1,withdrawal,0.4794841790803172,0.38135205593094607,1031,Temperature,NHITS
7,dry,0.7810894341020914,0.6132682453695297,3736,Temperature,NHITS
7,onset,0.8231043414265641,0.6605333454084821,605,Temperature,NHITS
7,peak,0.6720855843740866,0.5293477353499721,4636,Temperature,NHITS
7,pre_monsoon,0.8848867714556559,0.6965218974621975,3444,Temperature,NHITS
7,withdrawal,0.7010201637195087,0.5502156975732111,1040,Temperature,NHITS
30,dry,0.8739349682498454,0.6952333181749816,3704,Temperature,NHITS
30,onset,0.8771047611554623,0.690276494225845,566,Temperature,NHITS
30,peak,0.6575071722821132,0.5150184509497507,4677,Temperature,NHITS
30,pre_monsoon,0.984091199411953,0.7792760278023129,3388,Temperature,NHITS
30,withdrawal,0.7209635684968189,0.576890439418111,1126,Temperature,NHITS
1,dry,0.4927924897319497,0.38346515678025517,3751,Temperature,PatchTST
1,onset,0.6462155010312987,0.4931901488692326,568,Temperature,PatchTST
1,peak,0.4445616810864115,0.35271911671468764,4659,Temperature,PatchTST
1,pre_monsoon,0.5751437860070615,0.4568396999238941,3452,Temperature,PatchTST
1,withdrawal,0.47408826154528727,0.3702210104269014,1031,Temperature,PatchTST
7,dry,0.719456124293423,0.564116515391484,3736,Temperature,PatchTST
7,onset,0.8179338244109104,0.6405317306181818,605,Temperature,PatchTST
7,peak,0.63692761037836,0.493158281562883,4636,Temperature,PatchTST
7,pre_monsoon,0.804862537849055,0.6145792370257928,3444,Temperature,PatchTST
7,withdrawal,0.667796513079091,0.5271919263967846,1040,Temperature,PatchTST
30,dry,0.83917583225485,0.652803898298477,3704,Temperature,PatchTST
30,onset,0.7901623781355809,0.6096513410492533,566,Temperature,PatchTST
30,peak,0.6517189724065475,0.5081380066703584,4677,Temperature,PatchTST
30,pre_monsoon,0.9116598175009001,0.7126578670257974,3388,Temperature,PatchTST
30,withdrawal,0.724270339917456,0.5738122951447073,1126,Temperature,PatchTST
1,dry,0.48777615770008637,0.381894714505702,3751,Temperature,chronos2
1,onset,0.6533361644313201,0.49725151468381745,568,Temperature,chronos2
1,peak,0.44398015861354223,0.3444852622101011,4659,Temperature,chronos2
1,pre_monsoon,0.581903555315007,0.4611906483595551,3452,Temperature,chronos2
1,withdrawal,0.45036145575589287,0.35718890566359895,1031,Temperature,chronos2
7,dry,0.7472310259188082,0.582529214615415,3736,Temperature,chronos2
7,onset,0.8088142234026808,0.6162728524287048,605,Temperature,chronos2
7,peak,0.6272453270554649,0.4895122823034194,4636,Temperature,chronos2
7,pre_monsoon,0.811931720696303,0.6217727206373223,3444,Temperature,chronos2
7,withdrawal,0.6876254611364074,0.5285320334806606,1040,Temperature,chronos2
30,dry,0.8493727972544695,0.6618623175739244,3704,Temperature,chronos2
30,onset,0.8022075868157955,0.6091977040804053,566,Temperature,chronos2
30,peak,0.610135637026903,0.47131401166677134,4677,Temperature,chronos2
30,pre_monsoon,0.9436672748835584,0.7268181284797979,3388,Temperature,chronos2
30,withdrawal,0.673588318125024,0.5377392009506184,1126,Temperature,chronos2
1,dry,0.48258362545584094,0.3799876869667548,3751,Temperature,chronos_bolt
1,onset,0.6430410578191291,0.4892199372891493,568,Temperature,chronos_bolt
1,peak,0.4604792033982466,0.35617830909135684,4659,Temperature,chronos_bolt
1,pre_monsoon,0.5699074828456757,0.45144812304178555,3452,Temperature,chronos_bolt
1,withdrawal,0.4566192709577418,0.3620000521537406,1031,Temperature,chronos_bolt
7,dry,0.7804915132943517,0.6067095328644012,3736,Temperature,chronos_bolt
7,onset,0.8355273155932693,0.6361381200316498,605,Temperature,chronos_bolt
7,peak,0.6575007285723928,0.5120474865820901,4636,Temperature,chronos_bolt
7,pre_monsoon,0.8361993412060084,0.637090751106838,3444,Temperature,chronos_bolt
7,withdrawal,0.6925064696655936,0.5394766678116876,1040,Temperature,chronos_bolt
30,dry,0.9290002093601273,0.7280123489347886,3704,Temperature,chronos_bolt
30,onset,0.8364851956338477,0.6380210814944496,566,Temperature,chronos_bolt
30,peak,0.6761595131014366,0.5245763793075268,4677,Temperature,chronos_bolt
30,pre_monsoon,1.0486310559284688,0.7953009788972643,3388,Temperature,chronos_bolt
30,withdrawal,0.7057491688013212,0.5687485471575149,1126,Temperature,chronos_bolt
1,dry,0.7768204393050213,0.6076329563364711,3751,Temperature,climatology
1,onset,0.8151151849576688,0.6225036204518485,568,Temperature,climatology
1,peak,0.7083659630828442,0.547609557962139,4659,Temperature,climatology
1,pre_monsoon,0.8518773938598992,0.6671806878166399,3452,Temperature,climatology
1,withdrawal,0.7398974419318196,0.5803007121359017,1031,Temperature,climatology
7,dry,0.7501186650772217,0.5936576215386321,3736,Temperature,climatology
7,onset,0.8032940538129407,0.6241922215553586,605,Temperature,climatology
7,peak,0.7249578089244422,0.5636143151369226,4636,Temperature,climatology
7,pre_monsoon,0.8182484287235906,0.6383376767214577,3444,Temperature,climatology
7,withdrawal,0.6745887017748913,0.532759830712944,1040,Temperature,climatology
30,dry,0.8417338359607244,0.6533012476482142,3704,Temperature,climatology
30,onset,0.7951852379963137,0.6054729460999307,566,Temperature,climatology
30,peak,0.7069589164281764,0.5522259561586657,4677,Temperature,climatology
30,pre_monsoon,0.9039977283862454,0.6986077305902664,3388,Temperature,climatology
30,withdrawal,0.7113642817376093,0.5666331058472367,1126,Temperature,climatology
1,dry,0.536824318775862,0.4212618055032336,3751,Temperature,lightgbm
1,onset,0.657070042643993,0.5049988044646041,568,Temperature,lightgbm
1,peak,0.5270900719771585,0.41007809578058557,4659,Temperature,lightgbm
1,pre_monsoon,0.6377751526269081,0.5028186742772948,3452,Temperature,lightgbm
1,withdrawal,0.5772302285198475,0.44685972314649774,1031,Temperature,lightgbm
7,dry,0.7227849027030214,0.5638323865492791,3736,Temperature,lightgbm
7,onset,0.8116648612066881,0.6390012417452056,605,Temperature,lightgbm
7,peak,0.6916244902814095,0.5375112155875443,4636,Temperature,lightgbm
7,pre_monsoon,0.7883034542961387,0.6128230006275329,3444,Temperature,lightgbm
7,withdrawal,0.6611960904635109,0.5102114194472177,1040,Temperature,lightgbm
30,dry,0.8251339955542514,0.6391459463716005,3704,Temperature,lightgbm
30,onset,0.8104410971901026,0.6190000972845029,566,Temperature,lightgbm
30,peak,0.6782334048616527,0.5284983562586304,4677,Temperature,lightgbm
30,pre_monsoon,0.9235468237591186,0.7136833589882341,3388,Temperature,lightgbm
30,withdrawal,0.709525264950617,0.5538589449158553,1126,Temperature,lightgbm
1,dry,0.4596366228735238,0.36889370555074763,3751,Temperature,moirai2
1,onset,0.626930578401139,0.47825674101446075,568,Temperature,moirai2
1,peak,0.444363944232849,0.3493575182147988,4659,Temperature,moirai2
1,pre_monsoon,0.5739933308303643,0.4588352762818052,3452,Temperature,moirai2
1,withdrawal,0.44064974895636694,0.35372138349587967,1031,Temperature,moirai2
7,dry,0.7765391951295836,0.6130226795207024,3736,Temperature,moirai2
7,onset,0.8419506492317953,0.6364442382632036,605,Temperature,moirai2
7,peak,0.6424140749975169,0.5026197505891127,4636,Temperature,moirai2
7,pre_monsoon,0.8208480945393687,0.6321476754201154,3444,Temperature,moirai2
7,withdrawal,0.7041062363446808,0.5479902744835977,1040,Temperature,moirai2
30,dry,0.9069385683818242,0.7128201084299811,3704,Temperature,moirai2
30,onset,0.8067388868294195,0.6134579111362628,566,Temperature,moirai2
30,peak,0.6186672107623556,0.4877611663985788,4677,Temperature,moirai2
30,pre_monsoon,0.9772092238281912,0.7546937860781208,3388,Temperature,moirai2
30,withdrawal,0.6869341054114646,0.5514984784745844,1126,Temperature,moirai2
1,dry,0.48503607815912386,0.3863987045232051,3751,Temperature,naive
1,onset,0.6621278736647382,0.5308770905341953,568,Temperature,naive
1,peak,0.48608623510208,0.3821357829459373,4659,Temperature,naive
1,pre_monsoon,0.5903146702967067,0.4797868313240235,3452,Temperature,naive
1,withdrawal,0.4473701277358323,0.36711184263733393,1031,Temperature,naive
7,dry,1.0403760912467792,0.7955455702191923,3736,Temperature,naive
7,onset,1.1725171663235863,0.9048754603782487,605,Temperature,naive
7,peak,0.846779386439648,0.66278438822229,4636,Temperature,naive
7,pre_monsoon,1.0061262345475066,0.7806079331985799,3444,Temperature,naive
7,withdrawal,1.1110799230251134,0.8758750354538356,1040,Temperature,naive
30,dry,2.1468359504194217,1.624270190300608,3704,Temperature,naive
30,onset,1.2749313703902734,0.9761215016374969,566,Temperature,naive
30,peak,0.8846137785969804,0.7553444467115807,4677,Temperature,naive
30,pre_monsoon,1.8713348567594683,1.4291365913592284,3388,Temperature,naive
30,withdrawal,1.792164514185356,1.3674929754923977,1126,Temperature,naive
1,dry,0.9714997316892012,0.7547248208359216,3751,Temperature,seasonal_naive
1,onset,1.037631839152831,0.8111559699314254,568,Temperature,seasonal_naive
1,peak,0.7766531587309841,0.6262373228221555,4659,Temperature,seasonal_naive
1,pre_monsoon,1.1871115636454217,0.9442051063250823,3452,Temperature,seasonal_naive
1,withdrawal,0.8363709966632746,0.6706336495125206,1031,Temperature,seasonal_naive
7,dry,0.9828724409194431,0.7709676332577786,3736,Temperature,seasonal_naive
7,onset,0.9314386922298811,0.7263314624867515,605,Temperature,seasonal_naive
7,peak,0.8263145872173806,0.6559114307699663,4636,Temperature,seasonal_naive
7,pre_monsoon,1.237663374020869,0.9816338308303678,3444,Temperature,seasonal_naive
7,withdrawal,0.8364147393690815,0.6701879436579267,1040,Temperature,seasonal_naive
30,dry,1.0484017337439453,0.8214107164072998,3704,Temperature,seasonal_naive
30,onset,0.9677426709971351,0.7483347712958884,566,Temperature,seasonal_naive
30,peak,0.778166168330261,0.6254498016238778,4677,Temperature,seasonal_naive
30,pre_monsoon,1.2866982060805505,1.0278206786794184,3388,Temperature,seasonal_naive
30,withdrawal,0.849298795420844,0.6670651437596736,1126,Temperature,seasonal_naive
1,dry,0.45547875893713896,0.3994507488851154,3751,Temperature,sundial
1,onset,0.6374479092180104,0.5556249850003395,568,Temperature,sundial
1,peak,0.4451802698869572,0.3915602314977449,4659,Temperature,sundial
1,pre_monsoon,0.5750770681488545,0.5077385581908812,3452,Temperature,sundial
1,withdrawal,0.44310243957633066,0.3918832881126844,1031,Temperature,sundial
7,dry,0.7584308699248526,0.6337809423974474,3736,Temperature,sundial
7,onset,0.8041810003874665,0.6851291158005012,605,Temperature,sundial
7,peak,0.630827733311105,0.5405677867146459,4636,Temperature,sundial
7,pre_monsoon,0.8123713821686384,0.6937517860270282,3444,Temperature,sundial
7,withdrawal,0.6992992653221625,0.5892480794790498,1040,Temperature,sundial
30,dry,0.8844152183158828,0.7426553778725754,3704,Temperature,sundial
30,onset,0.7989905877541008,0.6796914791715453,566,Temperature,sundial
30,peak,0.6237452415730097,0.5282123360766185,4677,Temperature,sundial
30,pre_monsoon,0.9320075497127462,0.7992562737003805,3388,Temperature,sundial
30,withdrawal,0.6847715551328107,0.5709718631530399,1126,Temperature,sundial
1,dry,0.45861230434584205,0.3644686282706042,3751,Temperature,timesfm25
1,onset,0.6219648526005754,0.4749445850533828,568,Temperature,timesfm25
1,peak,0.4391519785454705,0.34242346083115155,4659,Temperature,timesfm25
1,pre_monsoon,0.5724022113640167,0.45428301594615045,3452,Temperature,timesfm25
1,withdrawal,0.4458838767712893,0.35789424564280614,1031,Temperature,timesfm25
7,dry,0.7488461422963636,0.5839627639324152,3736,Temperature,timesfm25
7,onset,0.8256087407467558,0.624739273624039,605,Temperature,timesfm25
7,peak,0.6254873406934165,0.49138815977528866,4636,Temperature,timesfm25
7,pre_monsoon,0.790121252458286,0.6106237629217647,3444,Temperature,timesfm25
7,withdrawal,0.7149412891601832,0.5458923507872413,1040,Temperature,timesfm25
30,dry,0.8631324066223017,0.6719381226040274,3704,Temperature,timesfm25
30,onset,0.8155039412602004,0.6227160829846287,566,Temperature,timesfm25
30,peak,0.6027454239007579,0.471996109508655,4677,Temperature,timesfm25
30,pre_monsoon,0.9240935892495769,0.7178757458348441,3388,Temperature,timesfm25
30,withdrawal,0.6929143454913734,0.5529276703447378,1126,Temperature,timesfm25
1,dry,0.4577552668603282,0.3629648680506079,3751,Temperature,tirex
1,onset,0.6274295231980788,0.4749170742809417,568,Temperature,tirex
1,peak,0.4436572940389728,0.34426665576963844,4659,Temperature,tirex
1,pre_monsoon,0.570138299495388,0.4525815073308711,3452,Temperature,tirex
1,withdrawal,0.44302296535570945,0.35740660817120495,1031,Temperature,tirex
7,dry,0.775777834824363,0.6049610236357411,3736,Temperature,tirex
7,onset,0.8320585573647556,0.6308768046505525,605,Temperature,tirex
7,peak,0.6284727689662684,0.49152806404429494,4636,Temperature,tirex
7,pre_monsoon,0.7908848601195085,0.6129757490404347,3444,Temperature,tirex
7,withdrawal,0.7268351708419164,0.5506348165794143,1040,Temperature,tirex
30,dry,0.9039473418443825,0.7102442394985148,3704,Temperature,tirex
30,onset,0.8321253617175723,0.6371196539680182,566,Temperature,tirex
30,peak,0.605396221580924,0.47044574293610586,4677,Temperature,tirex
30,pre_monsoon,0.9499753985714401,0.7346045217370514,3388,Temperature,tirex
30,withdrawal,0.6809013077551388,0.5452286885927842,1126,Temperature,tirex
1,dry,0.48941676429974534,0.3959964657540971,3751,Temperature,toto2
1,onset,0.631694880329756,0.48115938590159074,568,Temperature,toto2
1,peak,0.478185043214026,0.380204533866228,4659,Temperature,toto2
1,pre_monsoon,0.6158705979754969,0.4962036787166352,3452,Temperature,toto2
1,withdrawal,0.5176948527940751,0.43147780119786655,1031,Temperature,toto2
7,dry,0.8333765694410713,0.6556470552843889,3736,Temperature,toto2
7,onset,0.8292330297345816,0.6379304801971983,605,Temperature,toto2
7,peak,0.6651412818526593,0.5245935670051611,4636,Temperature,toto2
7,pre_monsoon,0.8438472923120685,0.6555950471302645,3444,Temperature,toto2
7,withdrawal,0.7591146851608275,0.5979090238559293,1040,Temperature,toto2
30,dry,0.9742135086797539,0.7630762584952878,3704,Temperature,toto2
30,onset,0.8550956318623605,0.6628509763518176,566,Temperature,toto2
30,peak,0.6560567680710497,0.5139574108548447,4677,Temperature,toto2
30,pre_monsoon,0.9871283551394104,0.7709696964019109,3388,Temperature,toto2
30,withdrawal,0.7727240649928389,0.6152577558474208,1126,Temperature,toto2
1,dry,0.5322409349344412,0.5322409349344412,3751,Temperature,ttm_r2
1,onset,0.6531980545921766,0.6531980545921766,568,Temperature,ttm_r2
1,peak,0.479777791690874,0.479777791690874,4659,Temperature,ttm_r2
1,pre_monsoon,0.6189188356362288,0.6189188356362288,3452,Temperature,ttm_r2
1,withdrawal,0.5036803344238387,0.5036803344238387,1031,Temperature,ttm_r2
7,dry,0.8723903803869115,0.8723903803869115,3736,Temperature,ttm_r2
7,onset,0.86755148618956,0.86755148618956,605,Temperature,ttm_r2
7,peak,0.685619587503842,0.685619587503842,4636,Temperature,ttm_r2
7,pre_monsoon,0.8674916683917476,0.8674916683917476,3444,Temperature,ttm_r2
7,withdrawal,0.7446578350666103,0.7446578350666103,1040,Temperature,ttm_r2
30,dry,1.1077583292864326,1.1077583292864326,3704,Temperature,ttm_r2
30,onset,0.866852631612161,0.866852631612161,566,Temperature,ttm_r2
30,peak,0.7452182395305078,0.7452182395305078,4677,Temperature,ttm_r2
30,pre_monsoon,1.1178257297161547,1.1178257297161547,3388,Temperature,ttm_r2
30,withdrawal,0.7532064757974141,0.7532064757974141,1126,Temperature,ttm_r2
1,dry,0.5685168958954431,0.45101959807755704,3147,Humidity,AutoARIMA
1,onset,0.6579664639447341,0.5036980066611219,492,Humidity,AutoARIMA
1,peak,0.506219926071623,0.39290950181564044,3719,Humidity,AutoARIMA
1,pre_monsoon,0.643137060465319,0.5083968392161337,2955,Humidity,AutoARIMA
1,withdrawal,0.5076531179271854,0.412845529078758,790,Humidity,AutoARIMA
7,dry,0.7927082644594435,0.6228093453302936,3104,Humidity,AutoARIMA
7,onset,0.7780631929887335,0.5934023971201873,527,Humidity,AutoARIMA
7,peak,0.6716269979583117,0.5207104183920979,3728,Humidity,AutoARIMA
7,pre_monsoon,0.8717812404559157,0.6822558636318748,2955,Humidity,AutoARIMA
7,withdrawal,0.5740805668389152,0.4706296495748833,789,Humidity,AutoARIMA
30,dry,0.7885874851034635,0.6218209315936127,2964,Humidity,AutoARIMA
30,onset,0.8415237033205845,0.6424882062549788,486,Humidity,AutoARIMA
30,peak,0.6801895197799325,0.524702498132252,3871,Humidity,AutoARIMA
30,pre_monsoon,0.9498971502906622,0.748846155037138,2943,Humidity,AutoARIMA
30,withdrawal,0.6928712801548983,0.556764280587026,839,Humidity,AutoARIMA
1,dry,0.6066233379263288,0.48137261952564725,3147,Humidity,AutoETS
1,onset,0.6609511167379122,0.5123902574822833,492,Humidity,AutoETS
1,peak,0.534933714913146,0.41827410647535873,3719,Humidity,AutoETS
1,pre_monsoon,0.677736936574819,0.5447296783703578,2955,Humidity,AutoETS
1,withdrawal,0.5279262446441428,0.43287288902837756,790,Humidity,AutoETS
7,dry,0.9351936361768046,0.7478714918732159,3104,Humidity,AutoETS
7,onset,1.0216828909946207,0.7920361783139088,527,Humidity,AutoETS
7,peak,0.813325844018992,0.6542484091675522,3728,Humidity,AutoETS
7,pre_monsoon,1.0566418324286548,0.8448689835738623,2955,Humidity,AutoETS
7,withdrawal,0.8246422655525323,0.6680627267246075,789,Humidity,AutoETS
30,dry,0.9577660840433678,0.952187730491192,2964,Humidity,AutoETS
30,onset,1.0209016643940543,0.9763559188802046,486,Humidity,AutoETS
30,peak,0.838416709681991,0.8979026623682529,3871,Humidity,AutoETS
30,pre_monsoon,1.267906911512608,1.098739148215723,2943,Humidity,AutoETS
30,withdrawal,0.7761110001220132,0.8760714357844122,839,Humidity,AutoETS
1,dry,0.6065503242124337,0.48568685712157006,3147,Humidity,AutoTheta
1,onset,0.6607959018445443,0.5144211489398199,492,Humidity,AutoTheta
1,peak,0.5350021395658886,0.42368223437210484,3719,Humidity,AutoTheta
1,pre_monsoon,0.6776313581523163,0.5453353096618913,2955,Humidity,AutoTheta
1,withdrawal,0.5281735899471861,0.4395369068356517,790,Humidity,AutoTheta
7,dry,0.9354058814184905,0.7546804291040355,3104,Humidity,AutoTheta
7,onset,1.021980441370924,0.7969784933564238,527,Humidity,AutoTheta
7,peak,0.8136462789845018,0.6618865382584724,3728,Humidity,AutoTheta
7,pre_monsoon,1.0570394428303849,0.8484499802026452,2955,Humidity,AutoTheta
7,withdrawal,0.8248398751202364,0.6741419587703377,789,Humidity,AutoTheta
30,dry,0.9594304274061747,0.9787386316670952,2964,Humidity,AutoTheta
30,onset,1.0221125243445166,1.0018088623743249,486,Humidity,AutoTheta
30,peak,0.8398750318026443,0.9239192936928164,3871,Humidity,AutoTheta
30,pre_monsoon,1.2692820981922366,1.1171193750751065,2943,Humidity,AutoTheta
30,withdrawal,0.7772859894138655,0.9025105096093056,839,Humidity,AutoTheta
1,dry,0.5930303608176021,0.5175070118902305,3147,Humidity,DLinear
1,onset,0.659239437008626,0.5779799515535411,492,Humidity,DLinear
1,peak,0.524494452203937,0.44487090957349823,3719,Humidity,DLinear
1,pre_monsoon,0.6813111327154923,0.6016554813468036,2955,Humidity,DLinear
1,withdrawal,0.5549095425517159,0.48663705746142494,790,Humidity,DLinear
7,dry,0.7900114497776889,0.7036022550122727,3104,Humidity,DLinear
7,onset,0.7495058758396699,0.6558887667387179,527,Humidity,DLinear
7,peak,0.6628421513556904,0.5783207430234503,3728,Humidity,DLinear
7,pre_monsoon,0.8549206375470209,0.7680614625861208,2955,Humidity,DLinear
7,withdrawal,0.5930070380715283,0.513423263009062,789,Humidity,DLinear
30,dry,0.7741920549887847,0.6826199229199194,2964,Humidity,DLinear
30,onset,0.7739352076315326,0.6807112526073889,486,Humidity,DLinear
30,peak,0.6509469604449605,0.5619649566631572,3871,Humidity,DLinear
30,pre_monsoon,0.9414800089972881,0.8455632878454119,2943,Humidity,DLinear
30,withdrawal,0.6888825815321777,0.600604964792542,839,Humidity,DLinear
1,dry,0.5895663099946209,0.4658221151437341,3147,Humidity,NHITS
1,onset,0.6278956888676864,0.48801386785078127,492,Humidity,NHITS
1,peak,0.5133299989892004,0.39683175897203904,3719,Humidity,NHITS
1,pre_monsoon,0.6584503831266831,0.51830208670552,2955,Humidity,NHITS
1,withdrawal,0.5322996910604062,0.4305766729416206,790,Humidity,NHITS
7,dry,0.8265667006353016,0.6462489267123255,3104,Humidity,NHITS
7,onset,0.7915091425488991,0.6158403845493845,527,Humidity,NHITS
7,peak,0.6947898830238504,0.537304720145273,3728,Humidity,NHITS
7,pre_monsoon,0.8757264494573489,0.685965986940821,2955,Humidity,NHITS
7,withdrawal,0.6169383019267942,0.497561971035972,789,Humidity,NHITS
30,dry,0.7944372819965647,0.6232440255446657,2964,Humidity,NHITS
30,onset,0.7815256522096578,0.5991302910512476,486,Humidity,NHITS
30,peak,0.6787349772734788,0.5219587689370785,3871,Humidity,NHITS
30,pre_monsoon,0.9643038407079138,0.7524202519690628,2943,Humidity,NHITS
30,withdrawal,0.6987464770548236,0.5618807269347472,839,Humidity,NHITS
1,dry,0.5806028031461433,0.45475952410186976,3147,Humidity,PatchTST
1,onset,0.639841246670924,0.4879659877413514,492,Humidity,PatchTST
1,peak,0.5176600191948295,0.40071496587562805,3719,Humidity,PatchTST
1,pre_monsoon,0.6422177645378656,0.5109577439937445,2955,Humidity,PatchTST
1,withdrawal,0.5090980752259293,0.41751889315582325,790,Humidity,PatchTST
7,dry,0.7899517600728181,0.6231051869580487,3104,Humidity,PatchTST
7,onset,0.7630114289366646,0.5842358823526379,527,Humidity,PatchTST
7,peak,0.660702199646101,0.5147047041524799,3728,Humidity,PatchTST
7,pre_monsoon,0.8598553919054803,0.674278769766172,2955,Humidity,PatchTST
7,withdrawal,0.5675556897394562,0.46906836310715744,789,Humidity,PatchTST
30,dry,0.7866673811568353,0.617809229286948,2964,Humidity,PatchTST
30,onset,0.7775155716248545,0.5998255294138483,486,Humidity,PatchTST
30,peak,0.6480251335831705,0.505506531590794,3871,Humidity,PatchTST
30,pre_monsoon,0.9335897715059198,0.7373413309653806,2943,Humidity,PatchTST
30,withdrawal,0.6637237021334929,0.5400241944485701,839,Humidity,PatchTST
1,dry,0.5773852852561462,0.4537059755475294,3147,Humidity,chronos2
1,onset,0.6461483288288405,0.4964543096486783,492,Humidity,chronos2
1,peak,0.5033943173333515,0.38899759684127333,3719,Humidity,chronos2
1,pre_monsoon,0.6459635818557657,0.5081460102202146,2955,Humidity,chronos2
1,withdrawal,0.5325701471041946,0.4278816130614479,790,Humidity,chronos2
7,dry,0.7870130157195208,0.6113783797693483,3104,Humidity,chronos2
7,onset,0.7882400629412655,0.6007307128959274,527,Humidity,chronos2
7,peak,0.6544628364026271,0.5063436290821508,3728,Humidity,chronos2
7,pre_monsoon,0.8619976422770756,0.6676848193352671,2955,Humidity,chronos2
7,withdrawal,0.605727677439791,0.4829046788355503,789,Humidity,chronos2
30,dry,0.7846633765894362,0.6173428763979033,2964,Humidity,chronos2
30,onset,0.7992670374607136,0.610362523458389,486,Humidity,chronos2
30,peak,0.63654928888708,0.4903343868871568,3871,Humidity,chronos2
30,pre_monsoon,0.9383566372575022,0.7332659797948715,2943,Humidity,chronos2
30,withdrawal,0.7195205489470093,0.570868643524275,839,Humidity,chronos2
1,dry,0.5800448991671008,0.4551166840951167,3147,Humidity,chronos_bolt
1,onset,0.6564868986154917,0.505508879008617,492,Humidity,chronos_bolt
1,peak,0.5088729361883153,0.3940210380067127,3719,Humidity,chronos_bolt
1,pre_monsoon,0.6452684952609974,0.5085748060854905,2955,Humidity,chronos_bolt
1,withdrawal,0.5434397432264243,0.4338585739293939,790,Humidity,chronos_bolt
7,dry,0.793132495441361,0.6183349854225217,3104,Humidity,chronos_bolt
7,onset,0.8202672703391453,0.627250050537458,527,Humidity,chronos_bolt
7,peak,0.6616479128111935,0.5125037200280463,3728,Humidity,chronos_bolt
7,pre_monsoon,0.8739125050040069,0.6759268655842131,2955,Humidity,chronos_bolt
7,withdrawal,0.6464982344044242,0.5096041463607414,789,Humidity,chronos_bolt
30,dry,0.807463818335651,0.6357634568350841,2964,Humidity,chronos_bolt
30,onset,0.8191748472942844,0.6279256732406189,486,Humidity,chronos_bolt
30,peak,0.6471834362834435,0.496904030762929,3871,Humidity,chronos_bolt
30,pre_monsoon,0.9472000930960177,0.7417595039646511,2943,Humidity,chronos_bolt
30,withdrawal,0.776092627657995,0.6043935264080907,839,Humidity,chronos_bolt
1,dry,0.8181815191010627,0.6453078082524579,3147,Humidity,climatology
1,onset,0.8089462792181582,0.6255754277549367,492,Humidity,climatology
1,peak,0.7044421371133216,0.5457447833846443,3719,Humidity,climatology
1,pre_monsoon,0.9227236572601593,0.7156197853982661,2955,Humidity,climatology
1,withdrawal,0.7646398066566341,0.6236573206916642,790,Humidity,climatology
7,dry,0.8481621540912972,0.6634583503351952,3104,Humidity,climatology
7,onset,0.7850718546628512,0.5982302045642356,527,Humidity,climatology
7,peak,0.7109466378211555,0.5532361588525262,3728,Humidity,climatology
7,pre_monsoon,0.887778924515735,0.6923067929267682,2955,Humidity,climatology
7,withdrawal,0.650905766365343,0.5274813791975553,789,Humidity,climatology
30,dry,0.8191621741400161,0.6459731252194566,2964,Humidity,climatology
30,onset,0.7848166951282185,0.605267726415023,486,Humidity,climatology
30,peak,0.6896328403658087,0.5375637813711,3871,Humidity,climatology
30,pre_monsoon,0.9646189477910346,0.7586229753558497,2943,Humidity,climatology
30,withdrawal,0.7530662992711717,0.6123548522908487,839,Humidity,climatology
1,dry,0.5884712552776836,0.46751131909773963,3147,Humidity,lightgbm
1,onset,0.6531207681203253,0.5062323502691466,492,Humidity,lightgbm
1,peak,0.5376154455667675,0.41297388115895906,3719,Humidity,lightgbm
1,pre_monsoon,0.678340000697911,0.5365568690927189,2955,Humidity,lightgbm
1,withdrawal,0.5477994720111764,0.442648306854273,790,Humidity,lightgbm
7,dry,0.7801831389800346,0.6119127633271757,3104,Humidity,lightgbm
7,onset,0.7639174249021589,0.5817505675005824,527,Humidity,lightgbm
7,peak,0.6865817583867883,0.530421636024665,3728,Humidity,lightgbm
7,pre_monsoon,0.8531328651683704,0.6705081719821835,2955,Humidity,lightgbm
7,withdrawal,0.5861133812256043,0.48130391206111517,789,Humidity,lightgbm
30,dry,0.7671462986310481,0.6072360611029458,2964,Humidity,lightgbm
30,onset,0.7845876372662653,0.5994676741139381,486,Humidity,lightgbm
30,peak,0.6638648448785954,0.5135301740066974,3871,Humidity,lightgbm
30,pre_monsoon,0.9394902517802338,0.7469860004821981,2943,Humidity,lightgbm
30,withdrawal,0.7101965645802472,0.5705629445037076,839,Humidity,lightgbm
1,dry,0.5763474331651375,0.4531485325513994,3147,Humidity,moirai2
1,onset,0.6341890434721823,0.4895440868961303,492,Humidity,moirai2
1,peak,0.503461589684787,0.3910462747163609,3719,Humidity,moirai2
1,pre_monsoon,0.6500932084852613,0.5113151447359968,2955,Humidity,moirai2
1,withdrawal,0.5272499687817888,0.4215336845295324,790,Humidity,moirai2
7,dry,0.798314820857052,0.6221855492259989,3104,Humidity,moirai2
7,onset,0.8239571953491165,0.6245206937090627,527,Humidity,moirai2
7,peak,0.6612778376792984,0.5152270200398247,3728,Humidity,moirai2
7,pre_monsoon,0.8997920844035959,0.6910183022839096,2955,Humidity,moirai2
7,withdrawal,0.6435303252921529,0.5065869673410703,789,Humidity,moirai2
30,dry,0.8138710547063609,0.6397221201198318,2964,Humidity,moirai2
30,onset,0.837163769398248,0.6420975714405812,486,Humidity,moirai2
30,peak,0.6609286175000056,0.516733352791615,3871,Humidity,moirai2
30,pre_monsoon,0.9762753694669247,0.7610004793726579,2943,Humidity,moirai2
30,withdrawal,0.747539766690592,0.5835411915441234,839,Humidity,moirai2
1,dry,0.6138817061107812,0.4879021256920365,3147,Humidity,naive
1,onset,0.6898764177648331,0.5403191539161106,492,Humidity,naive
1,peak,0.5511932735560371,0.43114874741312686,3719,Humidity,naive
1,pre_monsoon,0.6821060511536083,0.5506016424447371,2955,Humidity,naive
1,withdrawal,0.5051427354795588,0.40933701205392187,790,Humidity,naive
7,dry,0.9938760884869832,0.7872319653752393,3104,Humidity,naive
7,onset,1.113034523502648,0.8656074404833963,527,Humidity,naive
7,peak,0.878504924433839,0.679109735326676,3728,Humidity,naive
7,pre_monsoon,1.1061637835291376,0.8797986699738238,2955,Humidity,naive
7,withdrawal,0.9066679241874241,0.715293413977077,789,Humidity,naive
30,dry,1.109462392700623,0.8639030045643614,2964,Humidity,naive
30,onset,1.2202805519154678,0.9462192045887917,486,Humidity,naive
30,peak,0.9087854351463927,0.714463836028391,3871,Humidity,naive
30,pre_monsoon,1.379218410510251,1.08448847768027,2943,Humidity,naive
30,withdrawal,0.9721642250462827,0.7635989276810321,839,Humidity,naive
1,dry,1.080937477929892,0.8686712310242893,3147,Humidity,seasonal_naive
1,onset,1.0650204184723187,0.8349905125531619,492,Humidity,seasonal_naive
1,peak,0.8632191385621542,0.6847966773761355,3719,Humidity,seasonal_naive
1,pre_monsoon,1.1959731582258901,0.9444257771768367,2955,Humidity,seasonal_naive
1,withdrawal,0.8545813102118266,0.7015491413564087,790,Humidity,seasonal_naive
7,dry,0.9893240001572595,0.7874010481251015,3104,Humidity,seasonal_naive
7,onset,0.9051996409458863,0.7049728908871766,527,Humidity,seasonal_naive
7,peak,0.8726869314918198,0.6902052222548025,3728,Humidity,seasonal_naive
7,pre_monsoon,1.2501856608032416,0.9954165061208835,2955,Humidity,seasonal_naive
7,withdrawal,0.7775392857790769,0.6451525643476389,789,Humidity,seasonal_naive
30,dry,1.0904897564789167,0.8677902416018821,2964,Humidity,seasonal_naive
30,onset,0.9912667612815683,0.76272685567856,486,Humidity,seasonal_naive
30,peak,0.8349097322428111,0.6557934557411333,3871,Humidity,seasonal_naive
30,pre_monsoon,1.2638393191291641,1.00812704437429,2943,Humidity,seasonal_naive
30,withdrawal,0.9239316537704306,0.7487175549460487,839,Humidity,seasonal_naive
1,dry,0.5770689504211979,0.4910859182421648,3147,Humidity,sundial
1,onset,0.6376109727562769,0.5463302219034455,492,Humidity,sundial
1,peak,0.5017941240896294,0.42764769507225037,3719,Humidity,sundial
1,pre_monsoon,0.6422693689330884,0.5467038517315997,2955,Humidity,sundial
1,withdrawal,0.5170989116039664,0.4513588881114533,790,Humidity,sundial
7,dry,0.786819233684729,0.6545304394942116,3104,Humidity,sundial
7,onset,0.7735487820888981,0.6465030497277762,527,Humidity,sundial
7,peak,0.6514588304074517,0.5472354780947264,3728,Humidity,sundial
7,pre_monsoon,0.8768019492297846,0.7263653192163317,2955,Humidity,sundial
7,withdrawal,0.6069746597221551,0.513210159193947,789,Humidity,sundial
30,dry,0.7899380882958069,0.6579299597087451,2964,Humidity,sundial
30,onset,0.7921327438452297,0.6626792838751838,486,Humidity,sundial
30,peak,0.636117457981554,0.5299238531832565,3871,Humidity,sundial
30,pre_monsoon,0.9522810025524115,0.7961500327929832,2943,Humidity,sundial
30,withdrawal,0.7091608720237087,0.606413992510979,839,Humidity,sundial
1,dry,0.5754062803142652,0.4518341779786129,3147,Humidity,timesfm25
1,onset,0.6434689207926135,0.49572624721699166,492,Humidity,timesfm25
1,peak,0.4987743625302658,0.3872165380050057,3719,Humidity,timesfm25
1,pre_monsoon,0.63827805266307,0.5030379341717309,2955,Humidity,timesfm25
1,withdrawal,0.5183866989094489,0.4191075722108903,790,Humidity,timesfm25
7,dry,0.7908010674072126,0.6130147790690271,3104,Humidity,timesfm25
7,onset,0.7822421256923858,0.5938765316966281,527,Humidity,timesfm25
7,peak,0.6480624643977959,0.5033411128448255,3728,Humidity,timesfm25
7,pre_monsoon,0.87206681310514,0.6744774682704228,2955,Humidity,timesfm25
7,withdrawal,0.6098562003690536,0.4868779451653903,789,Humidity,timesfm25
30,dry,0.7859690059675072,0.6200337582151598,2964,Humidity,timesfm25
30,onset,0.7901501777591116,0.6000399582372384,486,Humidity,timesfm25
30,peak,0.6368710429383198,0.4920921347416445,3871,Humidity,timesfm25
30,pre_monsoon,0.9521734404089559,0.743406510610144,2943,Humidity,timesfm25
30,withdrawal,0.71878012361981,0.5655330869666055,839,Humidity,timesfm25
1,dry,0.5749770306946221,0.4517164040596317,3147,Humidity,tirex
1,onset,0.6406177818799148,0.49528807001337244,492,Humidity,tirex
1,peak,0.5009944016030545,0.3889291878019305,3719,Humidity,tirex
1,pre_monsoon,0.6416820638350895,0.5058083171783252,2955,Humidity,tirex
1,withdrawal,0.5244550984621136,0.4241468322905933,790,Humidity,tirex
7,dry,0.7887314837354966,0.6132275394046802,3104,Humidity,tirex
7,onset,0.8298556951536725,0.6271839245951178,527,Humidity,tirex
7,peak,0.6548751258313392,0.5074635315638006,3728,Humidity,tirex
7,pre_monsoon,0.8679197434701499,0.6730665865364259,2955,Humidity,tirex
7,withdrawal,0.6229034782383167,0.4944835625228269,789,Humidity,tirex
30,dry,0.8020078909475322,0.6306377303061363,2964,Humidity,tirex
30,onset,0.8138784215989321,0.6230815484447517,486,Humidity,tirex
30,peak,0.6417241534373371,0.4939952484392096,3871,Humidity,tirex
30,pre_monsoon,0.9496968648861429,0.7436796325032615,2943,Humidity,tirex
30,withdrawal,0.7429818774201858,0.5817981772298656,839,Humidity,tirex
1,dry,0.6679962396341803,0.543806123692751,3147,Humidity,toto2
1,onset,0.7234892123296617,0.5800073720302557,492,Humidity,toto2
1,peak,0.55379128884527,0.438836293439841,3719,Humidity,toto2
1,pre_monsoon,0.7234975528532497,0.5847650388904055,2955,Humidity,toto2
1,withdrawal,0.6034014958575731,0.5083581121524653,790,Humidity,toto2
7,dry,0.8907060541347517,0.7130451130807735,3104,Humidity,toto2
7,onset,0.9030984680818299,0.7031898743218097,527,Humidity,toto2
7,peak,0.6989915893918847,0.5532990521955413,3728,Humidity,toto2
7,pre_monsoon,0.954035882797971,0.7485433172623998,2955,Humidity,toto2
7,withdrawal,0.6964819902444813,0.5761200474259744,789,Humidity,toto2
30,dry,0.8764737519949221,0.699795271280529,2964,Humidity,toto2
30,onset,0.8824832008531258,0.678160332496443,486,Humidity,toto2
30,peak,0.7008485045061896,0.5437103960685954,3871,Humidity,toto2
30,pre_monsoon,1.0447621038201609,0.8206367242038928,2943,Humidity,toto2
30,withdrawal,0.812569490702795,0.6469006766148394,839,Humidity,toto2
1,dry,0.6060276319896668,0.6060276319896668,3147,Humidity,ttm_r2
1,onset,0.6590260362238783,0.6590260362238783,492,Humidity,ttm_r2
1,peak,0.5196275805548287,0.5196275805548287,3719,Humidity,ttm_r2
1,pre_monsoon,0.6691963921521323,0.6691963921521323,2955,Humidity,ttm_r2
1,withdrawal,0.5962398695476944,0.5962398695476944,790,Humidity,ttm_r2
7,dry,0.8067536542978287,0.8067536542978287,3104,Humidity,ttm_r2
7,onset,0.7992114753655944,0.7992114753655944,527,Humidity,ttm_r2
7,peak,0.6697471476050042,0.6697471476050042,3728,Humidity,ttm_r2
7,pre_monsoon,0.8916907694248799,0.8916907694248799,2955,Humidity,ttm_r2
7,withdrawal,0.6531220308815534,0.6531220308815534,789,Humidity,ttm_r2
30,dry,0.8216235594382562,0.8216235594382562,2964,Humidity,ttm_r2
30,onset,0.8046806484515802,0.8046806484515802,486,Humidity,ttm_r2
30,peak,0.6556853963691915,0.6556853963691915,3871,Humidity,ttm_r2
30,pre_monsoon,0.9627501507833475,0.9627501507833475,2943,Humidity,ttm_r2
30,withdrawal,0.7407521849422112,0.7407521849422112,839,Humidity,ttm_r2
1,dry,0.5391308200461709,0.44071300712092726,3819,Sunshine,AutoARIMA
1,onset,0.8065976319623395,0.6034186888815495,474,Sunshine,AutoARIMA
1,peak,0.8044350506424597,0.609621022859985,4597,Sunshine,AutoARIMA
1,pre_monsoon,0.707862649771275,0.5532487963915128,3518,Sunshine,AutoARIMA
1,withdrawal,0.6780623296881176,0.5394935595377466,1046,Sunshine,AutoARIMA
7,dry,0.6785418769034298,0.5510937234192026,3790,Sunshine,AutoARIMA
7,onset,1.0204839255142324,0.7632743445320015,535,Sunshine,AutoARIMA
7,peak,0.9887123147216222,0.7398394319371884,4537,Sunshine,AutoARIMA
7,pre_monsoon,0.7559238078375231,0.573199838680227,3537,Sunshine,AutoARIMA
7,withdrawal,0.81557343052728,0.6230840759670625,1055,Sunshine,AutoARIMA
30,dry,0.6988705262378663,0.5694997022004086,3756,Sunshine,AutoARIMA
30,onset,1.0334254215100274,0.7695836142372584,581,Sunshine,AutoARIMA
30,peak,0.9299248424615181,0.7003020723087767,4488,Sunshine,AutoARIMA
30,pre_monsoon,0.828301332378353,0.6345181480181555,3520,Sunshine,AutoARIMA
30,withdrawal,0.8861904197800765,0.6809866460639763,1109,Sunshine,AutoARIMA
1,dry,0.5815853995088897,0.47817760452445035,3819,Sunshine,AutoETS
1,onset,0.7884751804635477,0.5936058212350936,474,Sunshine,AutoETS
1,peak,0.8394360589591526,0.6387502541498133,4597,Sunshine,AutoETS
1,pre_monsoon,0.732147686727428,0.5881622833782187,3518,Sunshine,AutoETS
1,withdrawal,0.6845657537386124,0.5674870086999089,1046,Sunshine,AutoETS
7,dry,0.7830651686687232,0.6498509404508409,3790,Sunshine,AutoETS
7,onset,1.2467731917729452,0.9201873634949196,535,Sunshine,AutoETS
7,peak,1.1156274337219318,0.8225246474601582,4537,Sunshine,AutoETS
7,pre_monsoon,0.8598782457109944,0.6888483234338896,3537,Sunshine,AutoETS
7,withdrawal,1.056604549937753,0.8372671311559521,1055,Sunshine,AutoETS
30,dry,0.858268754729301,0.8049733485071711,3756,Sunshine,AutoETS
30,onset,1.2280714279206275,0.9060317817508154,581,Sunshine,AutoETS
30,peak,1.0666436158298171,0.8347279760031708,4488,Sunshine,AutoETS
30,pre_monsoon,0.9659880561921068,0.852176825810163,3520,Sunshine,AutoETS
30,withdrawal,0.8995461896001675,0.8161177777127712,1109,Sunshine,AutoETS
1,dry,0.5812891389530478,0.48556506394776666,3819,Sunshine,AutoTheta
1,onset,0.7879626211973573,0.5931505721000141,474,Sunshine,AutoTheta
1,peak,0.839865882375432,0.6362125433968197,4597,Sunshine,AutoTheta
1,pre_monsoon,0.7320316007554603,0.5948017665912355,3518,Sunshine,AutoTheta
1,withdrawal,0.6855859333838074,0.577420516681367,1046,Sunshine,AutoTheta
7,dry,0.783274928660609,0.653230292880696,3790,Sunshine,AutoTheta
7,onset,1.2467336760933485,0.9120888704886714,535,Sunshine,AutoTheta
7,peak,1.116158036608705,0.8196371031241239,4537,Sunshine,AutoTheta
7,pre_monsoon,0.8604190798532062,0.6934534390666877,3537,Sunshine,AutoTheta
7,withdrawal,1.0570209634313115,0.8391024152596923,1055,Sunshine,AutoTheta
30,dry,0.8602882908890696,0.8011553982959445,3756,Sunshine,AutoTheta
30,onset,1.2294217081033818,0.897065365705571,581,Sunshine,AutoTheta
30,peak,1.0673584854196707,0.8265497425643108,4488,Sunshine,AutoTheta
30,pre_monsoon,0.9674818485340677,0.8489236860284398,3520,Sunshine,AutoTheta
30,withdrawal,0.899381262492528,0.811732363280356,1109,Sunshine,AutoTheta
1,dry,0.5416609019270282,0.46220501194618113,3819,Sunshine,DLinear
1,onset,0.8270015081846893,0.7262959971173545,474,Sunshine,DLinear
1,peak,0.7959510781313058,0.7049031764411703,4597,Sunshine,DLinear
1,pre_monsoon,0.6976975395133743,0.6111840649921243,3518,Sunshine,DLinear
1,withdrawal,0.6926657483414415,0.6105613664693713,1046,Sunshine,DLinear
7,dry,0.6944208989597065,0.6045991806947952,3790,Sunshine,DLinear
7,onset,0.9900407465090452,0.8899142969651169,535,Sunshine,DLinear
7,peak,0.9721514714078374,0.8673861316564111,4537,Sunshine,DLinear
7,pre_monsoon,0.7301205709546631,0.6372297575954772,3537,Sunshine,DLinear
7,withdrawal,0.7983182475539036,0.7002576920189325,1055,Sunshine,DLinear
30,dry,0.6971512214535465,0.6042163398037821,3756,Sunshine,DLinear
30,onset,1.0027353631539337,0.8890192812142518,581,Sunshine,DLinear
30,peak,0.9212509818244077,0.8154020017106025,4488,Sunshine,DLinear
30,pre_monsoon,0.8089971368358422,0.7053887602930162,3520,Sunshine,DLinear
30,withdrawal,0.8647581942477571,0.7578625397171456,1109,Sunshine,DLinear
1,dry,0.5347295896473401,0.41650561474226855,3819,Sunshine,NHITS
1,onset,0.7963495471699464,0.6143957429326924,474,Sunshine,NHITS
1,peak,0.8112665507717236,0.611890639242968,4597,Sunshine,NHITS
1,pre_monsoon,0.6937302835569612,0.5346627090053514,3518,Sunshine,NHITS
1,withdrawal,0.6663938819392757,0.5302319964623708,1046,Sunshine,NHITS
7,dry,0.6950402546673767,0.5460946403904998,3790,Sunshine,NHITS
7,onset,1.0204922131328813,0.743880011920938,535,Sunshine,NHITS
7,peak,0.9874102299401092,0.7306766031083991,4537,Sunshine,NHITS
7,pre_monsoon,0.7409352128552549,0.5648149757510234,3537,Sunshine,NHITS
7,withdrawal,0.7511049023564775,0.5946501072798089,1055,Sunshine,NHITS
30,dry,0.7110887058735319,0.5661110617009607,3756,Sunshine,NHITS
30,onset,1.04641524824522,0.7654678146669301,581,Sunshine,NHITS
30,peak,0.9291136516562785,0.6884826247429552,4488,Sunshine,NHITS
30,pre_monsoon,0.8221337693853372,0.6374325981381137,3520,Sunshine,NHITS
30,withdrawal,0.8308002499094269,0.6541381351788955,1109,Sunshine,NHITS
1,dry,0.5306914440065914,0.41611182072505537,3819,Sunshine,PatchTST
1,onset,0.8003343872668891,0.6081079019325354,474,Sunshine,PatchTST
1,peak,0.802790752609019,0.6161175644067707,4597,Sunshine,PatchTST
1,pre_monsoon,0.6903169857494772,0.5361877630183511,3518,Sunshine,PatchTST
1,withdrawal,0.6326895147210542,0.5161032958966224,1046,Sunshine,PatchTST
7,dry,0.7062690500421624,0.5573658899728162,3790,Sunshine,PatchTST
7,onset,1.0400072141978283,0.7437536352383212,535,Sunshine,PatchTST
7,peak,0.975571479756957,0.7188180444310981,4537,Sunshine,PatchTST
7,pre_monsoon,0.708757518270648,0.5545565787790812,3537,Sunshine,PatchTST
7,withdrawal,0.7208383678550985,0.5838408120653662,1055,Sunshine,PatchTST
30,dry,0.7176266242503431,0.5710467547342025,3756,Sunshine,PatchTST
30,onset,0.9958517368226317,0.7410873043904642,581,Sunshine,PatchTST
30,peak,0.9263546062238461,0.690508408780965,4488,Sunshine,PatchTST
30,pre_monsoon,0.8061850700767963,0.6239651791219025,3520,Sunshine,PatchTST
30,withdrawal,0.8863933636155544,0.6746509409529404,1109,Sunshine,PatchTST
1,dry,0.5237541635385439,0.40961494488294625,3819,Sunshine,chronos2
1,onset,0.7949191664230231,0.5990744095516816,474,Sunshine,chronos2
1,peak,0.8017514239227215,0.5997420094780377,4597,Sunshine,chronos2
1,pre_monsoon,0.6958358985133027,0.5317013391393957,3518,Sunshine,chronos2
1,withdrawal,0.6204126666211813,0.4929781495565585,1046,Sunshine,chronos2
7,dry,0.6714413322494533,0.5246324283348847,3790,Sunshine,chronos2
7,onset,1.1397372453483992,0.8115269720351734,535,Sunshine,chronos2
7,peak,0.9980918911235592,0.7234028314781014,4537,Sunshine,chronos2
7,pre_monsoon,0.7202250140830951,0.5523452544576289,3537,Sunshine,chronos2
7,withdrawal,0.78773338654295,0.6158238490383228,1055,Sunshine,chronos2
30,dry,0.68946694669868,0.5407988961240207,3756,Sunshine,chronos2
30,onset,1.0786366631752144,0.7713343069849055,581,Sunshine,chronos2
30,peak,0.9137354559743037,0.6772528377112681,4488,Sunshine,chronos2
30,pre_monsoon,0.7991165917882517,0.6165386079311279,3520,Sunshine,chronos2
30,withdrawal,0.875001244943988,0.6720487033285337,1109,Sunshine,chronos2
1,dry,0.5313226910181518,0.4132518888445809,3819,Sunshine,chronos_bolt
1,onset,0.8152819197700768,0.6050063204969727,474,Sunshine,chronos_bolt
1,peak,0.8219811165391596,0.6127316302690893,4597,Sunshine,chronos_bolt
1,pre_monsoon,0.696980892065509,0.5406084344991439,3518,Sunshine,chronos_bolt
1,withdrawal,0.6574402477622074,0.512069494771231,1046,Sunshine,chronos_bolt
7,dry,0.6755811358005263,0.5274217445783619,3790,Sunshine,chronos_bolt
7,onset,1.235442920301561,0.8666090368036035,535,Sunshine,chronos_bolt
7,peak,1.0243009153256315,0.7412013706744236,4537,Sunshine,chronos_bolt
7,pre_monsoon,0.7449915628007789,0.5753176112915183,3537,Sunshine,chronos_bolt
7,withdrawal,0.8665826205949959,0.6597124967462196,1055,Sunshine,chronos_bolt
30,dry,0.6992264328493553,0.5505637992798714,3756,Sunshine,chronos_bolt
30,onset,1.176469063439466,0.8296921598439717,581,Sunshine,chronos_bolt
30,peak,0.9874132339688261,0.7148736695104,4488,Sunshine,chronos_bolt
30,pre_monsoon,0.8337294679606587,0.6418644578700891,3520,Sunshine,chronos_bolt
30,withdrawal,1.0010805767649458,0.7384969204916262,1109,Sunshine,chronos_bolt
1,dry,0.7083160729398262,0.5531951306718141,3819,Sunshine,climatology
1,onset,1.02824157323569,0.7380218420668427,474,Sunshine,climatology
1,peak,0.9319973369473884,0.6838416158930886,4597,Sunshine,climatology
1,pre_monsoon,0.8177450490914908,0.6316528149360149,3518,Sunshine,climatology
1,withdrawal,0.8378214893505768,0.6519144315474075,1046,Sunshine,climatology
7,dry,0.7928619816105419,0.6207359600042796,3790,Sunshine,climatology
7,onset,1.0024717890303632,0.728253451441932,535,Sunshine,climatology
7,peak,0.9877791338302604,0.7210619986880826,4537,Sunshine,climatology
7,pre_monsoon,0.7329156345318906,0.5595425775578918,3537,Sunshine,climatology
7,withdrawal,0.742895585163341,0.579123539199572,1055,Sunshine,climatology
30,dry,0.7781581695777127,0.6128850582459806,3756,Sunshine,climatology
30,onset,0.9880709602289508,0.7215414720605099,581,Sunshine,climatology
30,peak,0.9161249130359631,0.6794119251035441,4488,Sunshine,climatology
30,pre_monsoon,0.829898038233246,0.6511782080636835,3520,Sunshine,climatology
30,withdrawal,0.8323500761426417,0.6530879725678347,1109,Sunshine,climatology
1,dry,0.5560765914033744,0.4470488190921386,3819,Sunshine,lightgbm
1,onset,0.8689962210079175,0.6549086763798758,474,Sunshine,lightgbm
1,peak,0.8280338261769119,0.6337990283378756,4597,Sunshine,lightgbm
1,pre_monsoon,0.7287485220593494,0.5642616994031514,3518,Sunshine,lightgbm
1,withdrawal,0.7219092077833765,0.5671266360135288,1046,Sunshine,lightgbm
7,dry,0.6701822332682646,0.5304712676922443,3790,Sunshine,lightgbm
7,onset,1.000670793207694,0.7320720584061903,535,Sunshine,lightgbm
7,peak,0.9759325002882117,0.7447032658737422,4537,Sunshine,lightgbm
7,pre_monsoon,0.7224865847171226,0.5629223618159638,3537,Sunshine,lightgbm
7,withdrawal,0.7702213112678797,0.6063128124997422,1055,Sunshine,lightgbm
30,dry,0.6815430053652953,0.5485187714502748,3756,Sunshine,lightgbm
30,onset,0.9993641777598959,0.7438139316270868,581,Sunshine,lightgbm
30,peak,0.9118691641400792,0.6937503525159129,4488,Sunshine,lightgbm
30,pre_monsoon,0.8079707775376431,0.624634065962238,3520,Sunshine,lightgbm
30,withdrawal,0.8572726926426212,0.6688323125062273,1109,Sunshine,lightgbm
1,dry,0.5307541203459569,0.41570348960134135,3819,Sunshine,moirai2
1,onset,0.8397184957849395,0.6276453056618679,474,Sunshine,moirai2
1,peak,0.8191674350439934,0.6118819575598669,4597,Sunshine,moirai2
1,pre_monsoon,0.7013395871866679,0.5428242141527391,3518,Sunshine,moirai2
1,withdrawal,0.644046774947523,0.5069792960081333,1046,Sunshine,moirai2
7,dry,0.677001563445343,0.5313807146757564,3790,Sunshine,moirai2
7,onset,1.3962733934841145,1.0009048630346804,535,Sunshine,moirai2
7,peak,1.0535258665184681,0.7615520172418808,4537,Sunshine,moirai2
7,pre_monsoon,0.747616814397121,0.5781343768238173,3537,Sunshine,moirai2
7,withdrawal,0.8632034585092307,0.65585639577887,1055,Sunshine,moirai2
30,dry,0.7564370665100647,0.5904336574021851,3756,Sunshine,moirai2
30,onset,1.360329914185615,0.993698248021259,581,Sunshine,moirai2
30,peak,1.1084754807760924,0.7767996022402522,4488,Sunshine,moirai2
30,pre_monsoon,0.8400267083268664,0.6490538002742001,3520,Sunshine,moirai2
30,withdrawal,0.9864330720980631,0.7389541072765824,1109,Sunshine,moirai2
1,dry,0.59542577342163,0.4955922126925728,3819,Sunshine,naive
1,onset,0.8098656563106842,0.6375913629275092,474,Sunshine,naive
1,peak,0.8889062889137073,0.7043219667441486,4597,Sunshine,naive
1,pre_monsoon,0.7532977202798957,0.6143196535260866,3518,Sunshine,naive
1,withdrawal,0.5867166825261105,0.5083216661514451,1046,Sunshine,naive
7,dry,0.8848708544023142,0.7079347558712461,3790,Sunshine,naive
7,onset,1.442144288210701,1.1144136451327071,535,Sunshine,naive
7,peak,1.2997810262168672,0.9831329143619283,4537,Sunshine,naive
7,pre_monsoon,0.9638345754031075,0.7665922521256806,3537,Sunshine,naive
7,withdrawal,1.240314239904433,0.9862341475317076,1055,Sunshine,naive
30,dry,0.9933195901154938,0.7881910652885104,3756,Sunshine,naive
30,onset,1.4343602135191695,1.1169502794110144,581,Sunshine,naive
30,peak,1.2607037850735001,0.9426401552464981,4488,Sunshine,naive
30,pre_monsoon,1.0490332376694227,0.8322640527605547,3520,Sunshine,naive
30,withdrawal,1.1080040927984907,0.8511085899425158,1109,Sunshine,naive
1,dry,0.9322119705966841,0.7537187092729536,3819,Sunshine,seasonal_naive
1,onset,1.3177042563389303,1.0127907708396802,474,Sunshine,seasonal_naive
1,peak,1.1611523277931124,0.889347770535875,4597,Sunshine,seasonal_naive
1,pre_monsoon,0.9987364934056117,0.793438421092891,3518,Sunshine,seasonal_naive
1,withdrawal,1.0253410116239599,0.8661591980752502,1046,Sunshine,seasonal_naive
7,dry,0.9281281922663481,0.7499287773235332,3790,Sunshine,seasonal_naive
7,onset,1.0496885403806373,0.8073650860788191,535,Sunshine,seasonal_naive
7,peak,1.1715952967003922,0.9013944175595038,4537,Sunshine,seasonal_naive
7,pre_monsoon,1.0090212822294569,0.7955850585888361,3537,Sunshine,seasonal_naive
7,withdrawal,1.0577062982103247,0.8775273747500572,1055,Sunshine,seasonal_naive
30,dry,0.918751114405787,0.7479536735205821,3756,Sunshine,seasonal_naive
30,onset,1.1896726779525093,0.9150072648126634,581,Sunshine,seasonal_naive
30,peak,1.138623555151833,0.8720747873309055,4488,Sunshine,seasonal_naive
30,pre_monsoon,1.0695344500205104,0.8402543228994045,3520,Sunshine,seasonal_naive
30,withdrawal,1.1140677023866339,0.9331969687906119,1109,Sunshine,seasonal_naive
1,dry,0.5326203169854009,0.4484467274075443,3819,Sunshine,sundial
1,onset,0.7961184620848633,0.6555078228336984,474,Sunshine,sundial
1,peak,0.7963668474607366,0.6534442989390645,4597,Sunshine,sundial
1,pre_monsoon,0.6964876562932826,0.5847377033006907,3518,Sunshine,sundial
1,withdrawal,0.6464797403315807,0.558982702338554,1046,Sunshine,sundial
7,dry,0.680171888896434,0.575288919124514,3790,Sunshine,sundial
7,onset,1.080286874409733,0.8786182452120067,535,Sunshine,sundial
7,peak,0.9840686284953529,0.798564804235329,4537,Sunshine,sundial
7,pre_monsoon,0.7454844025757734,0.6186428753790384,3537,Sunshine,sundial
7,withdrawal,0.8394456016731692,0.7110759013037617,1055,Sunshine,sundial
30,dry,0.7030914590517532,0.5917826652042362,3756,Sunshine,sundial
30,onset,1.0571461348475628,0.8651592332010385,581,Sunshine,sundial
30,peak,0.9189492199250152,0.7485856157754369,4488,Sunshine,sundial
30,pre_monsoon,0.8346265269844034,0.6939505432223568,3520,Sunshine,sundial
30,withdrawal,0.9473607007784549,0.7924565352092166,1109,Sunshine,sundial
1,dry,0.5241058494597112,0.4129252663765424,3819,Sunshine,timesfm25
1,onset,0.8099962433846518,0.6026922631096585,474,Sunshine,timesfm25
1,peak,0.8061796130352722,0.611001950013826,4597,Sunshine,timesfm25
1,pre_monsoon,0.691652042199517,0.5415013708377212,3518,Sunshine,timesfm25
1,withdrawal,0.6515852698131974,0.5140061927003235,1046,Sunshine,timesfm25
7,dry,0.6703837949742256,0.5324986272143227,3790,Sunshine,timesfm25
7,onset,1.1608111057550634,0.8456405311105104,535,Sunshine,timesfm25
7,peak,0.9962849073959906,0.7303330658591122,4537,Sunshine,timesfm25
7,pre_monsoon,0.7210102338186031,0.5532450630146962,3537,Sunshine,timesfm25
7,withdrawal,0.8130586697148374,0.624676899335862,1055,Sunshine,timesfm25
30,dry,0.6964584801233957,0.5497514048133931,3756,Sunshine,timesfm25
30,onset,1.1045395596741985,0.7919474831299037,581,Sunshine,timesfm25
30,peak,0.9384592161840141,0.6887886775444131,4488,Sunshine,timesfm25
30,pre_monsoon,0.8078685171546035,0.6190112834238409,3520,Sunshine,timesfm25
30,withdrawal,0.9125652617910992,0.6828904954525005,1109,Sunshine,timesfm25
1,dry,0.5235368523750443,0.4057729424337392,3819,Sunshine,tirex
1,onset,0.8048784729223167,0.6096395339351213,474,Sunshine,tirex
1,peak,0.8118296569809678,0.6078931204115734,4597,Sunshine,tirex
1,pre_monsoon,0.6960323002387532,0.5322500017203396,3518,Sunshine,tirex
1,withdrawal,0.614357170005887,0.48732991204475895,1046,Sunshine,tirex
7,dry,0.6707705170931795,0.526697923033134,3790,Sunshine,tirex
7,onset,1.1782512898114015,0.8195342476349401,535,Sunshine,tirex
7,peak,0.9945073932774978,0.7232584175529874,4537,Sunshine,tirex
7,pre_monsoon,0.7157932041015789,0.5541970754715035,3537,Sunshine,tirex
7,withdrawal,0.7801879372870336,0.6129609545204109,1055,Sunshine,tirex
30,dry,0.6862127285044134,0.5406788655977716,3756,Sunshine,tirex
30,onset,1.1083370957165646,0.783585274060773,581,Sunshine,tirex
30,peak,0.9341177789378673,0.6853112156165732,4488,Sunshine,tirex
30,pre_monsoon,0.7985260510978617,0.6225264282216493,3520,Sunshine,tirex
30,withdrawal,0.8693535047217338,0.665946339802106,1109,Sunshine,tirex
1,dry,0.5323406436011437,0.410904918998593,3819,Sunshine,toto2
1,onset,0.7829200573283578,0.591810586870587,474,Sunshine,toto2
1,peak,0.8022409151389771,0.6033329412027723,4597,Sunshine,toto2
1,pre_monsoon,0.7011290079421957,0.5357263008082825,3518,Sunshine,toto2
1,withdrawal,0.6123847346460116,0.4812557311643984,1046,Sunshine,toto2
7,dry,0.6810586900692734,0.5311886793084764,3790,Sunshine,toto2
7,onset,1.0774594988624329,0.7724609601466068,535,Sunshine,toto2
7,peak,0.9895427866280256,0.7207198978738842,4537,Sunshine,toto2
7,pre_monsoon,0.7235622540330646,0.5582970649243235,3537,Sunshine,toto2
7,withdrawal,0.7878679920656042,0.606390564591112,1055,Sunshine,toto2
30,dry,0.6994473694990545,0.5450254747254231,3756,Sunshine,toto2
30,onset,1.0385831092775213,0.7544821335088336,581,Sunshine,toto2
30,peak,0.9277206224569636,0.6824277064160451,4488,Sunshine,toto2
30,pre_monsoon,0.813219925107386,0.625549329438017,3520,Sunshine,toto2
30,withdrawal,0.8762299962970177,0.6622027750421982,1109,Sunshine,toto2
1,dry,0.5463635269253668,0.5463635269253668,3819,Sunshine,ttm_r2
1,onset,0.8422900993905567,0.8422900993905567,474,Sunshine,ttm_r2
1,peak,0.8198813958359353,0.8198813958359353,4597,Sunshine,ttm_r2
1,pre_monsoon,0.7085501431735589,0.7085501431735589,3518,Sunshine,ttm_r2
1,withdrawal,0.7136438496483615,0.7136438496483615,1046,Sunshine,ttm_r2
7,dry,0.692044144346453,0.692044144346453,3790,Sunshine,ttm_r2
7,onset,1.1432098998917153,1.1432098998917153,535,Sunshine,ttm_r2
7,peak,1.0012573473177884,1.0012573473177884,4537,Sunshine,ttm_r2
7,pre_monsoon,0.7748548920169749,0.7748548920169749,3537,Sunshine,ttm_r2
7,withdrawal,0.9425164544297718,0.9425164544297718,1055,Sunshine,ttm_r2
30,dry,0.733772608154692,0.733772608154692,3756,Sunshine,ttm_r2
30,onset,1.1254352969832115,1.1254352969832115,581,Sunshine,ttm_r2
30,peak,0.9376072546695455,0.9376072546695455,4488,Sunshine,ttm_r2
30,pre_monsoon,0.8573128356711425,0.8573128356711425,3520,Sunshine,ttm_r2
30,withdrawal,1.0069112682944412,1.0069112682944412,1109,Sunshine,ttm_r2
