track,var,lead,model,CRPSS,ci_lo,ci_hi,beats_climatology_95
bmd,Humidity,1,chronos2,0.2936203932415513,0.26146296863856305,0.3183099577724313,True
bmd,Humidity,7,chronos2,0.06378593438177038,0.0397382758183812,0.08515778502283551,True
bmd,Humidity,30,chronos2,0.053788369120222446,0.027952169859426487,0.07653038104369621,True
bmd,Humidity,1,tirex,0.2963017561090182,0.26222888143562806,0.32277177111706173,True
bmd,Humidity,7,tirex,0.057002240533329696,0.029157170814682908,0.07948177682093316,True
bmd,Humidity,30,tirex,0.0397940268618594,0.00989670522354789,0.06567354870707329,True
bmd,Humidity,1,timesfm25,0.2987018240674184,0.26608413426285105,0.32493012697413737,True
bmd,Humidity,7,timesfm25,0.06199992597825277,0.03862539500174062,0.08313000735366002,True
bmd,Humidity,30,timesfm25,0.04873943666721414,0.02217018291667737,0.07202917986999392,True
bmd,Humidity,1,toto2,0.17861649604974994,0.13609384553172993,0.2177568415971,True
bmd,Humidity,7,toto2,-0.061060882035102626,-0.10213459236701689,-0.023893384225225148,False
bmd,Humidity,30,toto2,-0.06047108525286671,-0.10278275161893688,-0.01846518089646688,False
bmd,Humidity,1,moirai2,0.292720617060232,0.26024401251546536,0.3197659259636319,True
bmd,Humidity,7,moirai2,0.04009796356669304,0.012477773055592233,0.06380392031373186,True
bmd,Humidity,30,moirai2,0.01520443364941415,-0.016447142614089715,0.04224125351902797,False
bmd,Humidity,1,chronos_bolt,0.2890131889452261,0.25563481688414197,0.3155435822047832,True
bmd,Humidity,7,chronos_bolt,0.04894463141670091,0.023768194489452187,0.07155175307172393,True
bmd,Humidity,30,chronos_bolt,0.032830776927919136,0.005976803491903304,0.0601114274638659,True
bmd,Humidity,1,PatchTST,0.2868382477968634,0.2547379572091064,0.31183605847584805,True
bmd,Humidity,7,PatchTST,0.056542777848160974,0.037172074716381745,0.07735409600548641,True
bmd,Humidity,30,PatchTST,0.04857827893264577,0.028221055294441653,0.06886191867037084,True
bmd,Humidity,1,AutoARIMA,0.293428750796245,0.26386633595055226,0.3170599205078913,True
bmd,Humidity,7,AutoARIMA,0.04855561225772398,0.027533263769675607,0.06944033855949543,True
bmd,Humidity,30,AutoARIMA,0.025901377429118466,0.005819878708357776,0.04621082929654499,True
bmd,Humidity,1,NHITS,0.2794417021700031,0.24910060758420968,0.30498883544068095,True
bmd,Humidity,7,NHITS,0.022586695832453874,-0.0018602339683663816,0.04445703272016147,False
bmd,Humidity,30,NHITS,0.02734410778616736,0.00903005477420736,0.04708229487025224,True
bmd,Rainfall,1,chronos2,0.023100446265976626,0.0058092665504969445,0.03871276432356243,True
bmd,Rainfall,7,chronos2,-0.016975095964362197,-0.02600748590017174,-0.009137702037996428,False
bmd,Rainfall,30,chronos2,-0.011890341329197529,-0.019223509820598318,-0.005477176340330492,False
bmd,Rainfall,1,tirex,0.027466061837946754,0.00922824943574339,0.04398601604028268,True
bmd,Rainfall,7,tirex,-0.014379837618674784,-0.022901532466466028,-0.005660035470790357,False
bmd,Rainfall,30,tirex,-0.0039931070625478515,-0.01158358328847876,0.0033712671412885514,False
bmd,Rainfall,1,timesfm25,-0.008672569146018771,-0.027410755922538797,0.009417629176081493,False
bmd,Rainfall,7,timesfm25,-0.026291377388008685,-0.03691479330362489,-0.01592917278222694,False
bmd,Rainfall,30,timesfm25,-0.013069690422943703,-0.02450541673226858,-0.002382649367250973,False
bmd,Rainfall,1,toto2,0.023491219639646066,0.00333473899205228,0.04043705826447635,True
bmd,Rainfall,7,toto2,-0.01603463561717189,-0.02733637415837121,-0.006721021320411642,False
bmd,Rainfall,30,toto2,-0.010661576382175797,-0.01978032094153121,-0.0020969764277620757,False
bmd,Rainfall,1,moirai2,0.021709235563979856,0.007837230019479146,0.035667055212758855,True
bmd,Rainfall,7,moirai2,-0.019622636473088928,-0.028380143373825384,-0.011242974024166859,False
bmd,Rainfall,30,moirai2,-0.007138656250979647,-0.016079453572768014,0.0021941855629699883,False
bmd,Rainfall,1,chronos_bolt,0.011919534048158043,-0.0031547173207041425,0.026944743350769712,False
bmd,Rainfall,7,chronos_bolt,-0.026846988637332148,-0.03885242437235295,-0.016009263370517,False
bmd,Rainfall,30,chronos_bolt,-0.010058607448015122,-0.019896138208486985,-0.0013839303287959978,False
bmd,Rainfall,1,PatchTST,-0.04580384412117389,-0.08012574717955949,-0.02058357357166197,False
bmd,Rainfall,7,PatchTST,-0.08271679505678953,-0.10375750590795274,-0.06692208427280538,False
bmd,Rainfall,30,PatchTST,-0.07000496504200093,-0.09354856882360793,-0.05196140321662952,False
bmd,Rainfall,1,AutoARIMA,-0.32715380180355447,-0.47663043041691294,-0.23763460062982636,False
bmd,Rainfall,7,AutoARIMA,-0.3053834682812542,-0.4238809661007467,-0.21917570495967081,False
bmd,Rainfall,30,AutoARIMA,-0.3024920258067625,-0.4123485285673093,-0.22248033925985702,False
bmd,Rainfall,1,NHITS,0.017385917298593068,-0.0005904369742091908,0.03383317089505237,False
bmd,Rainfall,7,NHITS,-0.022131637943856086,-0.032141804510083596,-0.01435448302880071,False
bmd,Rainfall,30,NHITS,-0.029715655029887378,-0.04293088318732036,-0.019571047100103912,False
bmd,Sunshine,1,chronos2,0.17916280193577472,0.1455520401920334,0.20871352831524917,True
bmd,Sunshine,7,chronos2,0.033893846034087516,0.004478938277313391,0.05584549051417577,True
bmd,Sunshine,30,chronos2,0.04012927289351498,0.011878525380382665,0.061053273874088584,True
bmd,Sunshine,1,tirex,0.17631536045653673,0.13937882153897072,0.20988965658311498,True
bmd,Sunshine,7,tirex,0.031470417902544345,0.002206603000951191,0.0533750406926971,True
bmd,Sunshine,30,tirex,0.0333633384613361,0.004690054006698319,0.055053350549127196,True
bmd,Sunshine,1,timesfm25,0.164844738958701,0.13087432259118756,0.19566582605570085,True
bmd,Sunshine,7,timesfm25,0.022694574625656938,-0.00852804735300065,0.045016291411296365,False
bmd,Sunshine,30,timesfm25,0.026297737973955737,-0.002356063582443868,0.04900368844541596,False
bmd,Sunshine,1,toto2,0.17693228700822572,0.13996178064027667,0.2127382898837926,True
bmd,Sunshine,7,toto2,0.033587254543351985,0.003581924398002817,0.05580326538196014,True
bmd,Sunshine,30,toto2,0.03421015447279796,0.0050194451645845265,0.05698488901101764,True
bmd,Sunshine,1,moirai2,0.16134310275464658,0.12415959139976149,0.19551030434683508,True
bmd,Sunshine,7,moirai2,-0.02031300316909257,-0.06838416644802854,0.01568321551754493,False
bmd,Sunshine,30,moirai2,-0.07032375319713546,-0.12925751850110567,-0.02109277771367703,False
bmd,Sunshine,1,chronos_bolt,0.16353773949439598,0.12680503257522846,0.19578086303318687,True
bmd,Sunshine,7,chronos_bolt,0.0035588269084094737,-0.032301756292815884,0.03190673874864006,False
bmd,Sunshine,30,chronos_bolt,-0.006249727585176723,-0.05118531752732857,0.029562910383330813,False
bmd,Sunshine,1,PatchTST,0.16189924185733462,0.1293925008559157,0.19320553528720896,True
bmd,Sunshine,7,PatchTST,0.029475399933430513,0.010033648998591457,0.044007849932807444,True
bmd,Sunshine,30,PatchTST,0.018821252236061792,-0.0008007905004347448,0.03427683701001103,False
bmd,Sunshine,1,AutoARIMA,0.1448569590877602,0.11255994476610082,0.17577276011066803,True
bmd,Sunshine,7,AutoARIMA,0.007780724390952121,-0.02082395330961213,0.028568595849501267,False
bmd,Sunshine,30,AutoARIMA,0.007639154417544924,-0.017607165745159508,0.028909395875690153,False
bmd,Sunshine,1,NHITS,0.1625166157130471,0.13515683024162314,0.1890349699814014,True
bmd,Sunshine,7,NHITS,0.023251243388361154,-0.004163461271022478,0.043769088808819155,False
bmd,Sunshine,30,NHITS,0.018576352185338596,-0.0017599341637980382,0.03242967845653058,False
bmd,Temperature,1,chronos2,0.34808154756204035,0.3168158156264104,0.37562513538193715,True
bmd,Temperature,7,chronos2,0.055567693010137975,0.027684239992978744,0.08073592708731679,True
bmd,Temperature,30,chronos2,0.033917961343390424,-0.004891616245102337,0.06865631057353389,False
bmd,Temperature,1,tirex,0.3627428782888896,0.32474729462705376,0.39622269192592857,True
bmd,Temperature,7,tirex,0.04345089504624278,0.012219269619332802,0.07258097838525686,True
bmd,Temperature,30,tirex,0.006460126560655977,-0.03387007357351448,0.0415154294899236,False
bmd,Temperature,1,timesfm25,0.362122707666665,0.3248653674028367,0.3941452101670647,True
bmd,Temperature,7,timesfm25,0.05564006192537152,0.02569645438544924,0.0843235425987847,True
bmd,Temperature,30,timesfm25,0.0295497267874274,-0.006192523558963836,0.06277426613068983,False
bmd,Temperature,1,toto2,0.2976838350845872,0.2550180235564336,0.33259909943323873,True
bmd,Temperature,7,toto2,-0.025133070803632807,-0.06106585920324265,0.01070141418719105,False
bmd,Temperature,30,toto2,-0.06665289758440429,-0.11282351594499264,-0.030420060295333704,False
bmd,Temperature,1,moirai2,0.35460015249265553,0.31719133533800714,0.38749444509688225,True
bmd,Temperature,7,moirai2,0.025134757382492712,-0.008213856567083695,0.05606468139149443,False
bmd,Temperature,30,moirai2,-0.012676851638377062,-0.06058734680274598,0.0307318530240132,False
bmd,Temperature,1,chronos_bolt,0.3465747320580306,0.31218246976714986,0.37687272759037,True
bmd,Temperature,7,chronos_bolt,0.02129982951163789,-0.011909127581193118,0.052019384978855276,False
bmd,Temperature,30,chronos_bolt,-0.06028857555290923,-0.11450053462303623,-0.015544665020660608,False
bmd,Temperature,1,PatchTST,0.34351334356514984,0.3103051567262623,0.374231632031127,True
bmd,Temperature,7,PatchTST,0.06412716450766398,0.03898783805911113,0.08766516776684119,True
bmd,Temperature,30,PatchTST,0.018085824379183157,-0.0081310441024042,0.041658744654706835,False
bmd,Temperature,1,AutoARIMA,0.34839597989402493,0.31457767576644524,0.3785916254069051,True
bmd,Temperature,7,AutoARIMA,0.05684459901213634,0.035210316821874955,0.07651429684740998,True
bmd,Temperature,30,AutoARIMA,0.023472205974295335,-0.004058582662162241,0.047410268764229976,False
bmd,Temperature,1,NHITS,0.3303458958985632,0.295946928796056,0.3619616486487602,True
bmd,Temperature,7,NHITS,-0.020622361549615054,-0.055601852377746085,0.010806644331269601,False
bmd,Temperature,30,NHITS,-0.037712542859924314,-0.07646073566244505,-0.005427175059955081,False
ghcn_bangladesh,Rainfall,1,chronos2,0.1096707229288344,0.054346732701771726,0.16071131969304847,True
ghcn_bangladesh,Rainfall,7,chronos2,0.010502942990620934,-0.016815104563566878,0.03241804762209444,False
ghcn_bangladesh,Rainfall,30,chronos2,0.027837772779080172,0.0010625084269282382,0.054806345626622496,True
ghcn_bangladesh,Rainfall,1,tirex,0.11644772420906846,0.04053830070488462,0.1882549917917958,True
ghcn_bangladesh,Rainfall,7,tirex,-0.013344669465002568,-0.06449795325353093,0.018187251546789376,False
ghcn_bangladesh,Rainfall,30,tirex,-0.003471437908251218,-0.061741631758775235,0.03733011883910682,False
ghcn_bangladesh,Rainfall,1,timesfm25,0.07084363445528963,0.0010729247946320165,0.12176447677547929,True
ghcn_bangladesh,Rainfall,7,timesfm25,-0.00664922194850881,-0.04100842966364698,0.01691991295280162,False
ghcn_bangladesh,Rainfall,30,timesfm25,-0.0021579292646138892,-0.048819598627845906,0.029623688360736342,False
ghcn_bangladesh,Rainfall,1,toto2,0.12472630643180305,0.055455110099390005,0.19335747553768878,True
ghcn_bangladesh,Rainfall,7,toto2,-0.006702864812717646,-0.039156087190641335,0.016179610390632444,False
ghcn_bangladesh,Rainfall,30,toto2,0.010325796770372597,-0.03202111869916337,0.04616820421579179,False
ghcn_bangladesh,Rainfall,1,moirai2,0.08433753897979168,0.004800692789567872,0.14894288927893892,True
ghcn_bangladesh,Rainfall,7,moirai2,-0.013321918750515804,-0.06613908694339272,0.022013562681537504,False
ghcn_bangladesh,Rainfall,30,moirai2,-0.008285557504535745,-0.05643342152470256,0.03262908482387396,False
ghcn_bangladesh,Rainfall,1,chronos_bolt,0.07030256342821606,0.030045266940310317,0.10907133516004044,True
ghcn_bangladesh,Rainfall,7,chronos_bolt,-0.0009021977935654846,-0.031424832913227896,0.021922788023843304,False
ghcn_bangladesh,Rainfall,30,chronos_bolt,0.019499058832181504,-0.009699562509164776,0.045061806156449315,False
ghcn_bangladesh,Rainfall,1,PatchTST,0.07394556269531616,0.00042326149209817875,0.15013579050667858,True
ghcn_bangladesh,Rainfall,7,PatchTST,-0.06995027783065799,-0.11941617232917648,-0.03760566386896765,False
ghcn_bangladesh,Rainfall,30,PatchTST,-0.06468434414249713,-0.1378838928079686,-0.007107840787615821,False
ghcn_bangladesh,Rainfall,1,AutoARIMA,-0.16177467734059947,-0.394955451387803,0.0019129256320574882,False
ghcn_bangladesh,Rainfall,7,AutoARIMA,-0.2431167264448204,-0.5112757118078317,-0.11459604958311645,False
ghcn_bangladesh,Rainfall,30,AutoARIMA,-0.2382147294427035,-0.4364116330458255,-0.12465384811565652,False
ghcn_bangladesh,Rainfall,1,NHITS,0.07359636345153553,0.02462688555515509,0.11422869720590773,True
ghcn_bangladesh,Rainfall,7,NHITS,0.009326928296068515,-0.03048586642579853,0.047465150130135525,False
ghcn_bangladesh,Rainfall,30,NHITS,-0.017711136371791447,-0.04929244973554396,0.0060871565685312375,False
ghcn_bangladesh,Tavg,1,chronos2,0.38827519615798334,0.330003643249883,0.4406189339238562,True
ghcn_bangladesh,Tavg,7,chronos2,0.15611689994547784,0.09612489666074181,0.22117221416902288,True
ghcn_bangladesh,Tavg,30,chronos2,0.08875959557745439,0.03070541971773399,0.1473695551586133,True
ghcn_bangladesh,Tavg,1,tirex,0.3983576473467475,0.33605400270062735,0.45104802188935533,True
ghcn_bangladesh,Tavg,7,tirex,0.14110043075810919,0.07745521796791598,0.20970105781904033,True
ghcn_bangladesh,Tavg,30,tirex,0.053712367511367654,-0.012888691937866015,0.12032265293661414,False
ghcn_bangladesh,Tavg,1,timesfm25,0.39641768676629274,0.33585997833698394,0.4488075860390955,True
ghcn_bangladesh,Tavg,7,timesfm25,0.14429389923298852,0.08332646775601485,0.20732901447362453,True
ghcn_bangladesh,Tavg,30,timesfm25,0.04769584865672749,-0.03956680863015145,0.12299794569182898,False
ghcn_bangladesh,Tavg,1,toto2,0.33085295647532764,0.22474534137874916,0.41441599364078163,True
ghcn_bangladesh,Tavg,7,toto2,0.09196742505950883,0.018291297531645205,0.1692764483014632,True
ghcn_bangladesh,Tavg,30,toto2,-0.04015059183056513,-0.15460896243843023,0.05827644494194413,False
ghcn_bangladesh,Tavg,1,moirai2,0.3810696345682052,0.3186243919370003,0.43568666690659813,True
ghcn_bangladesh,Tavg,7,moirai2,0.10919116422307151,0.038875672344727795,0.18009350770722532,True
ghcn_bangladesh,Tavg,30,moirai2,-0.027356921785385735,-0.13726698166587648,0.07044252880490542,False
ghcn_bangladesh,Tavg,1,chronos_bolt,0.38395539774195975,0.3216967760569262,0.4378400610494632,True
ghcn_bangladesh,Tavg,7,chronos_bolt,0.11548094756113492,0.050654358520532856,0.18414240582454316,True
ghcn_bangladesh,Tavg,30,chronos_bolt,-0.005217091575587807,-0.07964583794586699,0.061234145790282773,False
ghcn_bangladesh,Tavg,1,PatchTST,0.3598534710426279,0.29953334954465366,0.4132030638036363,True
ghcn_bangladesh,Tavg,7,PatchTST,0.15492739803692634,0.09579247861957708,0.2158470525732879,True
ghcn_bangladesh,Tavg,30,PatchTST,0.08756663073603776,0.0344034298399779,0.14344671497544217,True
ghcn_bangladesh,Tavg,1,AutoARIMA,0.3901131311714613,0.3300418995157026,0.44189156651376255,True
ghcn_bangladesh,Tavg,7,AutoARIMA,0.15492911964472478,0.09907002106059797,0.2122829185958081,True
ghcn_bangladesh,Tavg,30,AutoARIMA,0.11101808295068105,0.0531674778253603,0.16917404219779789,True
ghcn_bangladesh,Tavg,1,NHITS,0.3048792255727998,0.2494964617551804,0.35396394624785427,True
ghcn_bangladesh,Tavg,7,NHITS,0.07965373370004547,0.007431303694996,0.1507792625005584,True
ghcn_bangladesh,Tavg,30,NHITS,-0.016518167304792275,-0.08496285933382687,0.05958713404691894,False
ghcn_temperate,Rainfall,1,chronos2,0.02410396191933717,0.016077006798658623,0.03381148467649463,True
ghcn_temperate,Rainfall,7,chronos2,-0.013573962495031067,-0.01763710348595182,-0.008871070265105448,False
ghcn_temperate,Rainfall,30,chronos2,-0.012901868704887631,-0.01710072530814491,-0.009513580124950655,False
ghcn_temperate,Rainfall,1,tirex,0.03213102863023287,0.02023518233008422,0.04598780714489682,True
ghcn_temperate,Rainfall,7,tirex,-0.009794721104559256,-0.014780747201296397,-0.004720307302398816,False
ghcn_temperate,Rainfall,30,tirex,-0.008581365934458463,-0.013125236375086353,-0.005501985727247355,False
ghcn_temperate,Rainfall,1,timesfm25,0.009351197376514464,-0.0012466232410730306,0.0220395090925194,False
ghcn_temperate,Rainfall,7,timesfm25,-0.01726987276049652,-0.02198857293545356,-0.011360169731714538,False
ghcn_temperate,Rainfall,30,timesfm25,-0.01119406292653391,-0.01595066762925059,-0.007166959285700736,False
ghcn_temperate,Rainfall,1,toto2,0.03176121004827215,0.01872659630324525,0.04712154437635692,True
ghcn_temperate,Rainfall,7,toto2,-0.013763920750645697,-0.01873923491272193,-0.008077101235509972,False
ghcn_temperate,Rainfall,30,toto2,-0.013697894423654766,-0.019308691183694403,-0.009555872185588565,False
ghcn_temperate,Rainfall,1,moirai2,0.025612147915909378,0.016165064847590033,0.036403240828226394,True
ghcn_temperate,Rainfall,7,moirai2,-0.016065780560072573,-0.01994456199310714,-0.010490338743441577,False
ghcn_temperate,Rainfall,30,moirai2,-0.01750968258346708,-0.022340311359000477,-0.013253106160686114,False
ghcn_temperate,Rainfall,1,chronos_bolt,0.01802919169088013,0.010418114809094872,0.026706868523076997,True
ghcn_temperate,Rainfall,7,chronos_bolt,-0.015109012636755459,-0.019131305197792835,-0.01032871567841911,False
ghcn_temperate,Rainfall,30,chronos_bolt,-0.01586798016143076,-0.020116732224084777,-0.01258976364423446,False
ghcn_temperate,Rainfall,1,PatchTST,-0.00886706364528611,-0.025522707641099325,0.008014973423744331,False
ghcn_temperate,Rainfall,7,PatchTST,-0.0690293002449549,-0.07763055059586672,-0.061873373047334,False
ghcn_temperate,Rainfall,30,PatchTST,-0.06515869966661691,-0.07741601596817635,-0.05448051364392656,False
ghcn_temperate,Rainfall,1,AutoARIMA,-0.24387840986101073,-0.28783056628895315,-0.20884276540757088,False
ghcn_temperate,Rainfall,7,AutoARIMA,-0.22747546737423008,-0.27119530011738197,-0.19400571887030824,False
ghcn_temperate,Rainfall,30,AutoARIMA,-0.26056646439439657,-0.30922107683309036,-0.2221994590051762,False
ghcn_temperate,Rainfall,1,NHITS,0.016954198382823304,0.005406720772743956,0.02999708661060618,True
ghcn_temperate,Rainfall,7,NHITS,-0.025394551776344976,-0.031103209421588302,-0.020919005322001995,False
ghcn_temperate,Rainfall,30,NHITS,-0.03612242199481219,-0.04190496268411897,-0.031144883133551512,False
ghcn_temperate,Tavg,1,chronos2,0.43129577145309517,0.4115677984685967,0.452918986536113,True
ghcn_temperate,Tavg,7,chronos2,0.07724079866589917,0.0518288612956487,0.1063078103697099,True
ghcn_temperate,Tavg,30,chronos2,0.06555298814039756,0.037913215692868596,0.08762459453276909,True
ghcn_temperate,Tavg,1,tirex,0.43993803863619896,0.41895801325879767,0.46171204786581777,True
ghcn_temperate,Tavg,7,tirex,0.07394005846077079,0.04903836055459678,0.10254069068218327,True
ghcn_temperate,Tavg,30,tirex,0.05823144673815284,0.03162544967229603,0.07923486360830383,True
ghcn_temperate,Tavg,1,timesfm25,0.43418042165111703,0.4134588356714618,0.4556777974087267,True
ghcn_temperate,Tavg,7,timesfm25,0.0712625379967784,0.04509043109597116,0.10121133051843963,True
ghcn_temperate,Tavg,30,timesfm25,0.05687828303595588,0.02754612788136346,0.07998979484808144,True
ghcn_temperate,Tavg,1,toto2,0.4360808249528878,0.4149043444507323,0.4575618572162036,True
ghcn_temperate,Tavg,7,toto2,0.04793614217905695,0.019650041463567726,0.07943288616749343,True
ghcn_temperate,Tavg,30,toto2,0.024836195462320965,-0.01098220129546435,0.05444856139612514,False
ghcn_temperate,Tavg,1,moirai2,0.4307965799927007,0.41056067108108363,0.451133201498007,True
ghcn_temperate,Tavg,7,moirai2,0.06461379930291145,0.0393412076814652,0.09401084000500817,True
ghcn_temperate,Tavg,30,moirai2,0.04505517117657076,0.013316502726189694,0.0706634365171421,True
ghcn_temperate,Tavg,1,chronos_bolt,0.4314241187997604,0.4109446353230166,0.45279319519502026,True
ghcn_temperate,Tavg,7,chronos_bolt,0.075117825802541,0.050567450775117075,0.10297766696530546,True
ghcn_temperate,Tavg,30,chronos_bolt,0.0587841873550663,0.03078812672449871,0.08131477028573159,True
ghcn_temperate,Tavg,1,PatchTST,0.41422746768930885,0.3904637284709407,0.43806431491782066,True
ghcn_temperate,Tavg,7,PatchTST,0.06297715924521097,0.03474508099333876,0.09311835275951705,True
ghcn_temperate,Tavg,30,PatchTST,0.05608680820366185,0.02709560187443938,0.08107662968094258,True
ghcn_temperate,Tavg,1,AutoARIMA,0.43285945331132836,0.4117583082208133,0.45452797799402306,True
ghcn_temperate,Tavg,7,AutoARIMA,0.05849947627345353,0.032389982999216374,0.0872637681062805,True
ghcn_temperate,Tavg,30,AutoARIMA,0.035905935071834705,0.0071002734805672325,0.06141227153414763,True
ghcn_temperate,Tavg,1,NHITS,0.416979336792744,0.39579318626089116,0.43772531780870244,True
ghcn_temperate,Tavg,7,NHITS,0.011672862955045549,-0.005836176373990465,0.03143956161111118,False
ghcn_temperate,Tavg,30,NHITS,-0.0022029556303135855,-0.018092844891423283,0.015405087369450213,False
nasa_power_bmd,ALLSKY_SFC_SW_DWN,1,chronos2,0.22976398405840248,0.18853926881344502,0.26444852820875375,True
nasa_power_bmd,ALLSKY_SFC_SW_DWN,7,chronos2,0.04081186394603464,0.005407102857759546,0.06833303416681269,True
nasa_power_bmd,ALLSKY_SFC_SW_DWN,30,chronos2,0.04050817734700063,0.007944753887387563,0.06489451546528913,True
nasa_power_bmd,ALLSKY_SFC_SW_DWN,1,tirex,0.2321993719562363,0.18759286575810952,0.27037931183167657,True
nasa_power_bmd,ALLSKY_SFC_SW_DWN,7,tirex,0.03664330688034101,-0.0033860053245258646,0.06735806312203106,False
nasa_power_bmd,ALLSKY_SFC_SW_DWN,30,tirex,0.030991584347538015,-0.004140024141271842,0.05689516679781296,False
nasa_power_bmd,ALLSKY_SFC_SW_DWN,1,timesfm25,0.22419052995358946,0.1843434841569149,0.2598137826781692,True
nasa_power_bmd,ALLSKY_SFC_SW_DWN,7,timesfm25,0.03877771662098339,0.0005776731966715917,0.06787972168533125,True
nasa_power_bmd,ALLSKY_SFC_SW_DWN,30,timesfm25,0.03613316174612313,0.0005458872985152464,0.062472687358483464,True
nasa_power_bmd,ALLSKY_SFC_SW_DWN,1,toto2,0.23778163767443794,0.1922127621201844,0.2763535538531539,True
nasa_power_bmd,ALLSKY_SFC_SW_DWN,7,toto2,0.037743024224952126,0.0007126495407254324,0.06627605831503323,True
nasa_power_bmd,ALLSKY_SFC_SW_DWN,30,toto2,0.03389829625230523,0.0021087825212699972,0.058370327913427424,True
nasa_power_bmd,ALLSKY_SFC_SW_DWN,1,moirai2,0.22681557397440688,0.18779974903240987,0.26057674386954305,True
nasa_power_bmd,ALLSKY_SFC_SW_DWN,7,moirai2,0.048731998257365405,0.015555636816758417,0.0751654212278713,True
nasa_power_bmd,ALLSKY_SFC_SW_DWN,30,moirai2,0.041348930249809124,0.010493860845976019,0.06374834823681336,True
nasa_power_bmd,ALLSKY_SFC_SW_DWN,1,chronos_bolt,0.22549210047451929,0.18208642213445053,0.2613043500659648,True
nasa_power_bmd,ALLSKY_SFC_SW_DWN,7,chronos_bolt,0.023398976426222573,-0.0152222930383961,0.05354208803301049,False
nasa_power_bmd,ALLSKY_SFC_SW_DWN,30,chronos_bolt,0.019885848274122542,-0.021412758034523804,0.04978134896007862,False
nasa_power_bmd,ALLSKY_SFC_SW_DWN,1,PatchTST,0.1757520514439851,0.14755649825783632,0.20122950785401342,True
nasa_power_bmd,ALLSKY_SFC_SW_DWN,7,PatchTST,0.04124074552774515,0.012253712528545268,0.06353913109599447,True
nasa_power_bmd,ALLSKY_SFC_SW_DWN,30,PatchTST,0.020700671842464824,-0.004387184149024326,0.04108050203885889,False
nasa_power_bmd,ALLSKY_SFC_SW_DWN,1,AutoARIMA,0.1812915704511947,0.14128361779135878,0.2159925488585605,True
nasa_power_bmd,ALLSKY_SFC_SW_DWN,7,AutoARIMA,-0.00014979437517337324,-0.04241847541016987,0.028678811580043248,False
nasa_power_bmd,ALLSKY_SFC_SW_DWN,30,AutoARIMA,-0.010779258569905803,-0.04644164572812144,0.01850118951894956,False
nasa_power_bmd,ALLSKY_SFC_SW_DWN,1,NHITS,0.16997717053257166,0.12877867256108425,0.20587807934417818,True
nasa_power_bmd,ALLSKY_SFC_SW_DWN,7,NHITS,-0.05585676401039841,-0.10102478799378654,-0.025636316852902127,False
nasa_power_bmd,ALLSKY_SFC_SW_DWN,30,NHITS,-0.05377851353110463,-0.08489024465332758,-0.0267811847916121,False
nasa_power_bmd,PRECTOTCORR,1,chronos2,0.3134543503205426,0.2675771818701496,0.35320156115431467,True
nasa_power_bmd,PRECTOTCORR,7,chronos2,0.11171636528681916,0.06268105334770428,0.15658748343830875,True
nasa_power_bmd,PRECTOTCORR,30,chronos2,0.11520623574372402,0.07286614222726567,0.1523911283847526,True
nasa_power_bmd,PRECTOTCORR,1,tirex,0.32690390449991524,0.2801814816392589,0.36618987313544765,True
nasa_power_bmd,PRECTOTCORR,7,tirex,0.11261982437356843,0.06854708154981978,0.1552939077608523,True
nasa_power_bmd,PRECTOTCORR,30,tirex,0.11797520990839228,0.08113999682869348,0.1509181335659256,True
nasa_power_bmd,PRECTOTCORR,1,timesfm25,0.29543535881415295,0.2525144800872249,0.33414981921906184,True
nasa_power_bmd,PRECTOTCORR,7,timesfm25,0.09673861402750084,0.05376716001337239,0.13791208268365915,True
nasa_power_bmd,PRECTOTCORR,30,timesfm25,0.10283098570036131,0.06714987738807807,0.1365122375409701,True
nasa_power_bmd,PRECTOTCORR,1,toto2,0.3269466016020286,0.28043487853953186,0.3659682816004717,True
nasa_power_bmd,PRECTOTCORR,7,toto2,0.10962743575346268,0.06184631575555452,0.15423028791676224,True
nasa_power_bmd,PRECTOTCORR,30,toto2,0.11222499180566159,0.07604255258634722,0.14455042936457352,True
nasa_power_bmd,PRECTOTCORR,1,moirai2,0.30485440750276016,0.26159625124073305,0.33840195238039505,True
nasa_power_bmd,PRECTOTCORR,7,moirai2,0.10037906703742616,0.060465135972165726,0.13976173287683705,True
nasa_power_bmd,PRECTOTCORR,30,moirai2,0.08577694975471206,0.0508088684636738,0.1166100110900839,True
nasa_power_bmd,PRECTOTCORR,1,chronos_bolt,0.27907311721583705,0.24147670160057114,0.31524433088995707,True
nasa_power_bmd,PRECTOTCORR,7,chronos_bolt,0.09811564545731111,0.0592325177066711,0.135566389601164,True
nasa_power_bmd,PRECTOTCORR,30,chronos_bolt,0.10027939069549474,0.07069397434272862,0.12922211026345218,True
nasa_power_bmd,PRECTOTCORR,1,PatchTST,0.256719250005079,0.19617971402147125,0.3032903913956745,True
nasa_power_bmd,PRECTOTCORR,7,PatchTST,-0.01604190231794944,-0.12077183911236383,0.05428499047726444,False
nasa_power_bmd,PRECTOTCORR,30,PatchTST,0.018088735458899663,-0.04537943206198812,0.0707411698811152,False
nasa_power_bmd,PRECTOTCORR,1,AutoARIMA,0.13123960956955982,0.01792329590418797,0.21055042535341797,True
nasa_power_bmd,PRECTOTCORR,7,AutoARIMA,-0.1312219637725247,-0.3089258789465693,-0.01694489935807604,False
nasa_power_bmd,PRECTOTCORR,30,AutoARIMA,-0.10275088770375995,-0.24053260172603583,0.002637403765964582,False
nasa_power_bmd,PRECTOTCORR,1,NHITS,0.2702779373445935,0.23011603119299118,0.30500459862416834,True
nasa_power_bmd,PRECTOTCORR,7,NHITS,0.06962034655740723,0.03545748080619274,0.10067052881055294,True
nasa_power_bmd,PRECTOTCORR,30,NHITS,0.05340722393507613,0.013252065310591086,0.0890510649160809,True
nasa_power_bmd,RH2M,1,chronos2,0.6231160706594228,0.5788114062800701,0.6651437442466137,True
nasa_power_bmd,RH2M,7,chronos2,0.4083188545742342,0.32438552639447615,0.48117041298411417,True
nasa_power_bmd,RH2M,30,chronos2,0.34759154927389413,0.26359574780603706,0.4182676659510322,True
nasa_power_bmd,RH2M,1,tirex,0.6240983794389481,0.5797471444674502,0.6666890096277639,True
nasa_power_bmd,RH2M,7,tirex,0.4019910537663056,0.31801674825711934,0.4741491443501613,True
nasa_power_bmd,RH2M,30,tirex,0.327016637568597,0.23053798865200908,0.3997907824530541,True
nasa_power_bmd,RH2M,1,timesfm25,0.6240750070037313,0.5813599447203567,0.6655208965405789,True
nasa_power_bmd,RH2M,7,timesfm25,0.4092479160482281,0.3264920970126536,0.4809938729259394,True
nasa_power_bmd,RH2M,30,timesfm25,0.356361589248695,0.27630372868952496,0.4232668787300822,True
nasa_power_bmd,RH2M,1,toto2,0.6254363012651891,0.5811327373017328,0.6678606677101449,True
nasa_power_bmd,RH2M,7,toto2,0.40955681070509764,0.32642618313654653,0.4835420489570695,True
nasa_power_bmd,RH2M,30,toto2,0.344580989048602,0.25485799305180723,0.41541078037283186,True
nasa_power_bmd,RH2M,1,moirai2,0.6196403961076175,0.5755619367013523,0.6618846359071262,True
nasa_power_bmd,RH2M,7,moirai2,0.40500957172299423,0.3217089126363059,0.4763226337828572,True
nasa_power_bmd,RH2M,30,moirai2,0.3567691784092458,0.2692678889097528,0.42768029833154136,True
nasa_power_bmd,RH2M,1,chronos_bolt,0.617859124876668,0.5728250185855311,0.6612502976303043,True
nasa_power_bmd,RH2M,7,chronos_bolt,0.4014645393549019,0.31562635023373103,0.4742121719833908,True
nasa_power_bmd,RH2M,30,chronos_bolt,0.32573756294222445,0.23061109484882245,0.4018267651088824,True
nasa_power_bmd,RH2M,1,PatchTST,0.6118504454964546,0.5657261901917844,0.6562522634142733,True
nasa_power_bmd,RH2M,7,PatchTST,0.3776826582073145,0.2995560481914671,0.4476141593545318,True
nasa_power_bmd,RH2M,30,PatchTST,0.29752246744070243,0.21241540558013716,0.3648568325906691,True
nasa_power_bmd,RH2M,1,AutoARIMA,0.6080380914327448,0.5615962766653173,0.6524994644771241,True
nasa_power_bmd,RH2M,7,AutoARIMA,0.3548148490744033,0.2659232007938789,0.43675996074260254,True
nasa_power_bmd,RH2M,30,AutoARIMA,0.21922087609841812,0.12756402254293722,0.2944276751993036,True
nasa_power_bmd,RH2M,1,NHITS,0.5951473520086082,0.5506968211824067,0.6379214728280634,True
nasa_power_bmd,RH2M,7,NHITS,0.32569152334555695,0.24618077698897345,0.40070492127213825,True
nasa_power_bmd,RH2M,30,NHITS,0.2392271165657902,0.16388514956361114,0.30151419249158745,True
nasa_power_bmd,T2M,1,chronos2,0.5249552325095956,0.4936330839119548,0.5594214824865675,True
nasa_power_bmd,T2M,7,chronos2,0.15331075267056438,0.09284411220040735,0.21887556023490046,True
nasa_power_bmd,T2M,30,chronos2,0.06454644477875204,-0.007385425558983849,0.13744674730784673,False
nasa_power_bmd,T2M,1,tirex,0.5406967463147416,0.5046667252110763,0.5802294771237283,True
nasa_power_bmd,T2M,7,tirex,0.1309689664376109,0.06539142362370341,0.19949486070150346,True
nasa_power_bmd,T2M,30,tirex,0.022224746563994757,-0.04585289145339694,0.09535950522059666,False
nasa_power_bmd,T2M,1,timesfm25,0.540112337310374,0.5062228003051783,0.5780037311521667,True
nasa_power_bmd,T2M,7,timesfm25,0.14553424443853624,0.08519536924792658,0.21316300655961787,True
nasa_power_bmd,T2M,30,timesfm25,0.04868695166080561,-0.013324957624067456,0.116570651964015,False
nasa_power_bmd,T2M,1,toto2,0.5420477742068434,0.506809807815986,0.5803746373414053,True
nasa_power_bmd,T2M,7,toto2,0.13070124454589582,0.06803102163615264,0.19960464572868014,True
nasa_power_bmd,T2M,30,toto2,-0.006359660350647944,-0.07863933194230002,0.06628750993157703,False
nasa_power_bmd,T2M,1,moirai2,0.5286871870368584,0.4945350202299316,0.5653682612038538,True
nasa_power_bmd,T2M,7,moirai2,0.09815051856377233,0.033534783363541334,0.17170452513256115,True
nasa_power_bmd,T2M,30,moirai2,-0.09092731434904477,-0.18271651844471312,0.017600120452804357,False
nasa_power_bmd,T2M,1,chronos_bolt,0.5266271582573046,0.488466848340751,0.5683422176546308,True
nasa_power_bmd,T2M,7,chronos_bolt,0.0998956498767144,0.03106608317959037,0.17644411127280743,True
nasa_power_bmd,T2M,30,chronos_bolt,-0.12205919513319419,-0.2192573440010191,-0.02513520216130714,False
nasa_power_bmd,T2M,1,PatchTST,0.5134787509101539,0.47291326300156944,0.5557022660737129,True
nasa_power_bmd,T2M,7,PatchTST,0.10352688101147522,0.05873633291438533,0.15164648102584258,True
nasa_power_bmd,T2M,30,PatchTST,0.020399278019012312,-0.01626208088282944,0.05488139683575312,False
nasa_power_bmd,T2M,1,AutoARIMA,0.530333925202819,0.48916391334197556,0.5703323993283145,True
nasa_power_bmd,T2M,7,AutoARIMA,0.09953577199332375,0.04278689153135509,0.16013491688662915,True
nasa_power_bmd,T2M,30,AutoARIMA,-0.05140686751700363,-0.11833544362343243,0.007925209251477588,False
nasa_power_bmd,T2M,1,NHITS,0.47761202909420697,0.4397869430752394,0.5179529200410458,True
nasa_power_bmd,T2M,7,NHITS,-0.05571526337552424,-0.10679767318125755,0.006660090779337254,False
nasa_power_bmd,T2M,30,NHITS,-0.11338134428869284,-0.160160263766359,-0.07080570045509385,False
nasa_power_ghcn_bangladesh,PRECTOTCORR,1,chronos2,0.29668214476834454,0.2549273909201595,0.3333561849330994,True
nasa_power_ghcn_bangladesh,PRECTOTCORR,7,chronos2,0.09131001602177657,0.04421349063894941,0.13575772247124893,True
nasa_power_ghcn_bangladesh,PRECTOTCORR,30,chronos2,0.1048706982203994,0.06496285577051923,0.14079191921404013,True
nasa_power_ghcn_bangladesh,PRECTOTCORR,1,tirex,0.3114739354870455,0.2709697754044756,0.34782099288399193,True
nasa_power_ghcn_bangladesh,PRECTOTCORR,7,tirex,0.09426894269165798,0.05094407378950796,0.13567039447749382,True
nasa_power_ghcn_bangladesh,PRECTOTCORR,30,tirex,0.107998546577878,0.0745043640753461,0.1392718796793179,True
nasa_power_ghcn_bangladesh,PRECTOTCORR,1,timesfm25,0.27713978775462567,0.23786411473702837,0.31449632870481,True
nasa_power_ghcn_bangladesh,PRECTOTCORR,7,timesfm25,0.07899538496042302,0.03785769106885192,0.11916384714464606,True
nasa_power_ghcn_bangladesh,PRECTOTCORR,30,timesfm25,0.09180969098172642,0.05716845740759856,0.12416629251555171,True
nasa_power_ghcn_bangladesh,PRECTOTCORR,1,toto2,0.3116456239636648,0.26962661091025825,0.34791270496347293,True
nasa_power_ghcn_bangladesh,PRECTOTCORR,7,toto2,0.09405078768779462,0.048060661571159,0.137521999448816,True
nasa_power_ghcn_bangladesh,PRECTOTCORR,30,toto2,0.10234172412239217,0.06860327055268725,0.1333145847403102,True
nasa_power_ghcn_bangladesh,PRECTOTCORR,1,moirai2,0.285789136611988,0.24681763783288568,0.316540348378002,True
nasa_power_ghcn_bangladesh,PRECTOTCORR,7,moirai2,0.08078607260753579,0.04274703977574455,0.11873774999999687,True
nasa_power_ghcn_bangladesh,PRECTOTCORR,30,moirai2,0.07117000584910604,0.03822982836670571,0.09995934912427719,True
nasa_power_ghcn_bangladesh,PRECTOTCORR,1,chronos_bolt,0.25761947315957046,0.22255664943328587,0.2918143285701508,True
nasa_power_ghcn_bangladesh,PRECTOTCORR,7,chronos_bolt,0.08219960511076085,0.044112944189663245,0.11948770979330012,True
nasa_power_ghcn_bangladesh,PRECTOTCORR,30,chronos_bolt,0.09067101515868214,0.062892408796475,0.11815585907864803,True
nasa_power_ghcn_bangladesh,PRECTOTCORR,1,PatchTST,0.2841942464499779,0.23842712079784384,0.3239825812318936,True
nasa_power_ghcn_bangladesh,PRECTOTCORR,7,PatchTST,-0.014327036577248986,-0.06809699822825686,0.035104404305482714,False
nasa_power_ghcn_bangladesh,PRECTOTCORR,30,PatchTST,-0.013078064370778408,-0.06159214766105915,0.030690056513246577,False
nasa_power_ghcn_bangladesh,PRECTOTCORR,1,AutoARIMA,0.12860744507532829,0.021732134238414677,0.20398113777688298,True
nasa_power_ghcn_bangladesh,PRECTOTCORR,7,AutoARIMA,-0.13580707593695207,-0.3012967110542226,-0.02565718353955019,False
nasa_power_ghcn_bangladesh,PRECTOTCORR,30,AutoARIMA,-0.09986515804085894,-0.23512172287212105,0.00020972688295788373,False
nasa_power_ghcn_bangladesh,PRECTOTCORR,1,NHITS,0.26547485943977234,0.22767325655764933,0.2977709218052669,True
nasa_power_ghcn_bangladesh,PRECTOTCORR,7,NHITS,0.019562046773059394,-0.011425710051626292,0.04525257024713638,False
nasa_power_ghcn_bangladesh,PRECTOTCORR,30,NHITS,0.044326238834694665,0.010654577228682953,0.07550628978531479,True
nasa_power_ghcn_bangladesh,T2M,1,chronos2,0.5191604301794874,0.48713988501492816,0.5555909289267902,True
nasa_power_ghcn_bangladesh,T2M,7,chronos2,0.14820581974958813,0.08606368232416337,0.2176307104160799,True
nasa_power_ghcn_bangladesh,T2M,30,chronos2,0.06071012982420232,-0.01137549803255184,0.1346208258756624,False
nasa_power_ghcn_bangladesh,T2M,1,tirex,0.5341103494796567,0.4964241997868477,0.5755771269134883,True
nasa_power_ghcn_bangladesh,T2M,7,tirex,0.12848864088053624,0.06098525572691599,0.2016448768193224,True
nasa_power_ghcn_bangladesh,T2M,30,tirex,0.02651935532320726,-0.03977613919879744,0.10212018228661562,False
nasa_power_ghcn_bangladesh,T2M,1,timesfm25,0.5336657532502403,0.4972742533894412,0.5736563832153962,True
nasa_power_ghcn_bangladesh,T2M,7,timesfm25,0.14108258637882554,0.07795644559175482,0.21172642957882754,True
nasa_power_ghcn_bangladesh,T2M,30,timesfm25,0.04634267066435749,-0.019277180179610824,0.11806582242733683,False
nasa_power_ghcn_bangladesh,T2M,1,toto2,0.534726537139025,0.49774411335638713,0.574889761710113,True
nasa_power_ghcn_bangladesh,T2M,7,toto2,0.12397850800378751,0.058755149780326255,0.1947489936328464,True
nasa_power_ghcn_bangladesh,T2M,30,toto2,-0.01432000926628585,-0.0871853268789739,0.06206530267781252,False
nasa_power_ghcn_bangladesh,T2M,1,moirai2,0.5225264492963044,0.48789882505679294,0.560949330028619,True
nasa_power_ghcn_bangladesh,T2M,7,moirai2,0.09889053316401686,0.033289053545473034,0.17525482182766264,True
nasa_power_ghcn_bangladesh,T2M,30,moirai2,-0.06819651388287129,-0.15591336860064214,0.03713387599946364,False
nasa_power_ghcn_bangladesh,T2M,1,chronos_bolt,0.5209382462675461,0.48184204616120274,0.5650533664543784,True
nasa_power_ghcn_bangladesh,T2M,7,chronos_bolt,0.09870476523342564,0.024719010334699035,0.1784837596453149,True
nasa_power_ghcn_bangladesh,T2M,30,chronos_bolt,-0.11136175102845214,-0.21140197178001877,-0.011792644026338417,False
nasa_power_ghcn_bangladesh,T2M,1,PatchTST,0.5096030812530051,0.46827009096084393,0.5551927989905242,True
nasa_power_ghcn_bangladesh,T2M,7,PatchTST,0.11766141462866342,0.05883495221999843,0.18018359373709164,True
nasa_power_ghcn_bangladesh,T2M,30,PatchTST,0.006180780171253786,-0.037069189923881994,0.04469246726692156,False
nasa_power_ghcn_bangladesh,T2M,1,AutoARIMA,0.5253820661594649,0.4845096057319235,0.56768380291088,True
nasa_power_ghcn_bangladesh,T2M,7,AutoARIMA,0.09904751504748988,0.03835251274142638,0.16363603675689808,True
nasa_power_ghcn_bangladesh,T2M,30,AutoARIMA,-0.04614481966607764,-0.11348786409398645,0.013324655726256966,False
nasa_power_ghcn_bangladesh,T2M,1,NHITS,0.46252137293835505,0.42416874281308103,0.5058625422796975,True
nasa_power_ghcn_bangladesh,T2M,7,NHITS,-0.0483955198831294,-0.10580000197608928,0.009433261144252,False
nasa_power_ghcn_bangladesh,T2M,30,NHITS,-0.13169999174991398,-0.18439846973286586,-0.08541935750162911,False
nasa_power_ghcn_temperate,PRECTOTCORR,1,chronos2,0.06288250276061147,0.05280186525012821,0.07446337676749383,True
nasa_power_ghcn_temperate,PRECTOTCORR,7,chronos2,-0.012816066928052816,-0.018118897839548037,-0.00825048483952801,False
nasa_power_ghcn_temperate,PRECTOTCORR,30,chronos2,-0.01623542602487449,-0.02065287277219906,-0.012646413021408771,False
nasa_power_ghcn_temperate,PRECTOTCORR,1,tirex,0.07686353573439364,0.06498966739154231,0.09114165638497851,True
nasa_power_ghcn_temperate,PRECTOTCORR,7,tirex,-0.009777988736400234,-0.014767541736707496,-0.0051088395276604305,False
nasa_power_ghcn_temperate,PRECTOTCORR,30,tirex,-0.0132719816555662,-0.017503272363182925,-0.009836818939906893,False
nasa_power_ghcn_temperate,PRECTOTCORR,1,timesfm25,0.050636582250920825,0.040275658682424456,0.06281758954303006,True
nasa_power_ghcn_temperate,PRECTOTCORR,7,timesfm25,-0.015986941451145986,-0.02121223600631287,-0.010171282060952047,False
nasa_power_ghcn_temperate,PRECTOTCORR,30,timesfm25,-0.017841193642445408,-0.02230331155175184,-0.013619865415689304,False
nasa_power_ghcn_temperate,PRECTOTCORR,1,toto2,0.07143668993926577,0.05761864140571084,0.08717046026255983,True
nasa_power_ghcn_temperate,PRECTOTCORR,7,toto2,-0.015590569469008164,-0.021531594607166714,-0.009885625814321234,False
nasa_power_ghcn_temperate,PRECTOTCORR,30,toto2,-0.02063497897154165,-0.02701247735345203,-0.01604682277892735,False
nasa_power_ghcn_temperate,PRECTOTCORR,1,moirai2,0.06575762863569912,0.05494754094669301,0.07759408135540134,True
nasa_power_ghcn_temperate,PRECTOTCORR,7,moirai2,-0.0131361303905988,-0.017929738432068597,-0.007980989106579062,False
nasa_power_ghcn_temperate,PRECTOTCORR,30,moirai2,-0.01992897401171212,-0.02429744824446467,-0.015577279215447784,False
nasa_power_ghcn_temperate,PRECTOTCORR,1,chronos_bolt,0.05524608188174229,0.04716306604985698,0.06487583940999476,True
nasa_power_ghcn_temperate,PRECTOTCORR,7,chronos_bolt,-0.013890241691378868,-0.01917724579106141,-0.008918523959198366,False
nasa_power_ghcn_temperate,PRECTOTCORR,30,chronos_bolt,-0.01954790023759667,-0.023921762499073025,-0.015786663562592406,False
nasa_power_ghcn_temperate,PRECTOTCORR,1,PatchTST,0.048864388450645,0.03419670913408311,0.06428931694702758,True
nasa_power_ghcn_temperate,PRECTOTCORR,7,PatchTST,-0.032913424908271205,-0.0419314203724633,-0.025733312358715104,False
nasa_power_ghcn_temperate,PRECTOTCORR,30,PatchTST,-0.05493876929562491,-0.0657063312750936,-0.046332630135043316,False
nasa_power_ghcn_temperate,PRECTOTCORR,1,AutoARIMA,-0.10189551455517476,-0.13068021622630116,-0.0796450118471659,False
nasa_power_ghcn_temperate,PRECTOTCORR,7,AutoARIMA,-0.14726976697086647,-0.1814911466534151,-0.12208925513960653,False
nasa_power_ghcn_temperate,PRECTOTCORR,30,AutoARIMA,-0.14273620851281588,-0.17690577810962493,-0.11899729592915977,False
nasa_power_ghcn_temperate,PRECTOTCORR,1,NHITS,0.06431978582059528,0.05234337539371031,0.07764147668070659,True
nasa_power_ghcn_temperate,PRECTOTCORR,7,NHITS,-0.018504302666374928,-0.023921617911058117,-0.014268998591485163,False
nasa_power_ghcn_temperate,PRECTOTCORR,30,NHITS,-0.020601692706947894,-0.025845836352926716,-0.016288950440563475,False
nasa_power_ghcn_temperate,T2M,1,chronos2,0.4619562219426747,0.44206091767592676,0.4846588478741198,True
nasa_power_ghcn_temperate,T2M,7,chronos2,0.07931231755006085,0.04982864940669206,0.11037123232828187,True
nasa_power_ghcn_temperate,T2M,30,chronos2,0.057267666577961784,0.02920615520289278,0.08058031115459124,True
nasa_power_ghcn_temperate,T2M,1,tirex,0.4714762958282046,0.44956157544841807,0.4952092977371241,True
nasa_power_ghcn_temperate,T2M,7,tirex,0.073607869559429,0.04545940872579124,0.10506279441363005,True
nasa_power_ghcn_temperate,T2M,30,tirex,0.04637122614417044,0.0182302037287746,0.0696503442729723,True
nasa_power_ghcn_temperate,T2M,1,timesfm25,0.4647965413103813,0.4434226690543897,0.4877976198329056,True
nasa_power_ghcn_temperate,T2M,7,timesfm25,0.0728879316349339,0.04187150890453851,0.1055835453342043,True
nasa_power_ghcn_temperate,T2M,30,timesfm25,0.047712588586366844,0.015906531141043106,0.07357212776774656,True
nasa_power_ghcn_temperate,T2M,1,toto2,0.4668894888363281,0.4454133463491949,0.4905759123313494,True
nasa_power_ghcn_temperate,T2M,7,toto2,0.047434050286504714,0.015139093145696184,0.08211383270230167,True
nasa_power_ghcn_temperate,T2M,30,toto2,0.007061726066624474,-0.033653005063025945,0.04134025750308062,False
nasa_power_ghcn_temperate,T2M,1,moirai2,0.46260220528190077,0.44120684861253245,0.4847364840398514,True
nasa_power_ghcn_temperate,T2M,7,moirai2,0.06322001695645774,0.03208392195174644,0.09705122929085946,True
nasa_power_ghcn_temperate,T2M,30,moirai2,0.024345698049154096,-0.012380915892187715,0.05667296094672964,False
nasa_power_ghcn_temperate,T2M,1,chronos_bolt,0.4620992718232003,0.4410701276183528,0.48517746121056154,True
nasa_power_ghcn_temperate,T2M,7,chronos_bolt,0.07698618953883818,0.04770586112623095,0.10770403074915155,True
nasa_power_ghcn_temperate,T2M,30,chronos_bolt,0.047464411396693884,0.017079970843315286,0.0722403699016039,True
nasa_power_ghcn_temperate,T2M,1,PatchTST,0.44528788341435266,0.42227662134252053,0.4688132451285431,True
nasa_power_ghcn_temperate,T2M,7,PatchTST,0.060858072528752305,0.02948893230464885,0.09346488731940296,True
nasa_power_ghcn_temperate,T2M,30,PatchTST,0.03651568141207828,0.0027188944623950328,0.06328458545242242,True
nasa_power_ghcn_temperate,T2M,1,AutoARIMA,0.4647329024240584,0.44329949846580297,0.4875441586671765,True
nasa_power_ghcn_temperate,T2M,7,AutoARIMA,0.06337771205141607,0.03363455373235646,0.09455077225252796,True
nasa_power_ghcn_temperate,T2M,30,AutoARIMA,0.04086424087788576,0.010876873119734167,0.06821444978204247,True
nasa_power_ghcn_temperate,T2M,1,NHITS,0.432296736043545,0.41150744413021445,0.4537552013108114,True
nasa_power_ghcn_temperate,T2M,7,NHITS,-0.05208194531488042,-0.08040693702899518,-0.021249358714527218,False
nasa_power_ghcn_temperate,T2M,30,NHITS,-0.06167451706246596,-0.08580160421476445,-0.033759315848104245,False
