track,var,lead,model,CRPSS_vs_clim
bmd,Rainfall,1,AutoARIMA,-0.3274525037936255
bmd,Rainfall,3,AutoARIMA,-0.3368849699309704
bmd,Rainfall,7,AutoARIMA,-0.3065212682496303
bmd,Rainfall,14,AutoARIMA,-0.305536298059992
bmd,Rainfall,30,AutoARIMA,-0.3029672540133168
bmd,Rainfall,1,NHITS,0.0174730965840463
bmd,Rainfall,3,NHITS,-0.0235445120667503
bmd,Rainfall,7,NHITS,-0.0222210119107257
bmd,Rainfall,14,NHITS,-0.0240514567005589
bmd,Rainfall,30,NHITS,-0.0297437292864843
bmd,Rainfall,1,PatchTST,-0.0455538883087442
bmd,Rainfall,3,PatchTST,-0.0651380774198948
bmd,Rainfall,7,PatchTST,-0.0827337738436779
bmd,Rainfall,14,PatchTST,-0.0967734711506671
bmd,Rainfall,30,PatchTST,-0.0701385060398978
bmd,Rainfall,1,chronos2,0.0233106236341311
bmd,Rainfall,3,chronos2,-0.0039270039947258
bmd,Rainfall,7,chronos2,-0.0169724209444879
bmd,Rainfall,14,chronos2,-0.0133956310845351
bmd,Rainfall,30,chronos2,-0.0118523518917323
bmd,Rainfall,1,chronos_bolt,0.011806791631322
bmd,Rainfall,3,chronos_bolt,-0.0078504682004398
bmd,Rainfall,7,chronos_bolt,-0.0269174069034519
bmd,Rainfall,14,chronos_bolt,-0.0218683307645262
bmd,Rainfall,30,chronos_bolt,-0.0101376215108552
bmd,Rainfall,1,moirai2,0.021726800445937
bmd,Rainfall,3,moirai2,-0.0058567337814743
bmd,Rainfall,7,moirai2,-0.0196729948408833
bmd,Rainfall,14,moirai2,-0.0172065657801518
bmd,Rainfall,30,moirai2,-0.0072164098193505
bmd,Rainfall,1,sundial,-0.1259379947434382
bmd,Rainfall,3,sundial,-0.1734455479012502
bmd,Rainfall,7,sundial,-0.1826496169496461
bmd,Rainfall,14,sundial,-0.1736465935239826
bmd,Rainfall,30,sundial,-0.1633004219027465
bmd,Rainfall,1,timesfm25,-0.0085795449733969
bmd,Rainfall,3,timesfm25,-0.0175952820845557
bmd,Rainfall,7,timesfm25,-0.0263950739166136
bmd,Rainfall,14,timesfm25,-0.0256969887196745
bmd,Rainfall,30,timesfm25,-0.0131775016710413
bmd,Rainfall,1,tirex,0.0276480688721932
bmd,Rainfall,3,tirex,-0.0010471514403818
bmd,Rainfall,7,tirex,-0.0143485154341636
bmd,Rainfall,14,tirex,-0.0119827757609232
bmd,Rainfall,30,tirex,-0.0039770178848468
bmd,Rainfall,1,toto2,0.0237751572011716
bmd,Rainfall,3,toto2,-0.0077290264484561
bmd,Rainfall,7,toto2,-0.0160654767913392
bmd,Rainfall,14,toto2,-0.0146243922856417
bmd,Rainfall,30,toto2,-0.0107265199122188
bmd,Rainfall,1,ttm_r2,-0.5019050015026041
bmd,Rainfall,3,ttm_r2,-0.549922378477598
bmd,Rainfall,7,ttm_r2,-0.5554439775506517
bmd,Rainfall,14,ttm_r2,-0.5646217368465059
bmd,Rainfall,30,ttm_r2,-0.5632799788356591
bmd,Temperature,1,AutoARIMA,0.3472061634291978
bmd,Temperature,3,AutoARIMA,0.1158330196140565
bmd,Temperature,7,AutoARIMA,0.0575674306165642
bmd,Temperature,14,AutoARIMA,0.0442469396777112
bmd,Temperature,30,AutoARIMA,0.0230375633528541
bmd,Temperature,1,NHITS,0.3286848694811598
bmd,Temperature,3,NHITS,0.0445523343574494
bmd,Temperature,7,NHITS,-0.0194615121003902
bmd,Temperature,14,NHITS,-0.0424838138537786
bmd,Temperature,30,NHITS,-0.0376218189809798
bmd,Temperature,1,PatchTST,0.3419676084164169
bmd,Temperature,3,PatchTST,0.116352603007507
bmd,Temperature,7,PatchTST,0.0646566341634992
bmd,Temperature,14,PatchTST,0.0403186811412823
bmd,Temperature,30,PatchTST,0.0179625582155109
bmd,Temperature,1,chronos2,0.3469594960743118
bmd,Temperature,3,chronos2,0.1315673496052137
bmd,Temperature,7,chronos2,0.0566954811217605
bmd,Temperature,14,chronos2,0.0362627269722825
bmd,Temperature,30,chronos2,0.0337194939997953
bmd,Temperature,1,chronos_bolt,0.3452166524639984
bmd,Temperature,3,chronos_bolt,0.1160194483958818
bmd,Temperature,7,chronos_bolt,0.0226585055889948
bmd,Temperature,14,chronos_bolt,-0.0143504305637756
bmd,Temperature,30,chronos_bolt,-0.0593774895762142
bmd,Temperature,1,moirai2,0.3529655057314957
bmd,Temperature,3,moirai2,0.1244048583190157
bmd,Temperature,7,moirai2,0.0261889416389723
bmd,Temperature,14,moirai2,-0.0026130627235798
bmd,Temperature,30,moirai2,-0.0115510425498679
bmd,Temperature,1,sundial,0.2832920834663763
bmd,Temperature,3,sundial,0.0320500255752232
bmd,Temperature,7,sundial,-0.0413917061883775
bmd,Temperature,14,sundial,-0.0637066946774616
bmd,Temperature,30,sundial,-0.0726385624722363
bmd,Temperature,1,timesfm25,0.3606579848848157
bmd,Temperature,3,timesfm25,0.1298109944397399
bmd,Temperature,7,timesfm25,0.0568421703404953
bmd,Temperature,14,timesfm25,0.0368786429477536
bmd,Temperature,30,timesfm25,0.0295318352993504
bmd,Temperature,1,tirex,0.3610840732211403
bmd,Temperature,3,tirex,0.1242769809322537
bmd,Temperature,7,tirex,0.0448029593092014
bmd,Temperature,14,tirex,0.022106261597404
bmd,Temperature,30,tirex,0.0066826466910633
bmd,Temperature,1,toto2,0.2965449206191541
bmd,Temperature,3,toto2,0.061605159618492
bmd,Temperature,7,toto2,-0.0233883191236972
bmd,Temperature,14,toto2,-0.0475177768608021
bmd,Temperature,30,toto2,-0.0670659909266873
bmd,Temperature,1,ttm_r2,0.102279673955218
bmd,Temperature,3,ttm_r2,-0.1672426424706472
bmd,Temperature,7,ttm_r2,-0.3471659011950816
bmd,Temperature,14,ttm_r2,-0.4245516665799762
bmd,Temperature,30,ttm_r2,-0.5226543066757479
bmd,Humidity,1,AutoARIMA,0.2893925029219599
bmd,Humidity,3,AutoARIMA,0.1048665418380386
bmd,Humidity,7,AutoARIMA,0.0470399494887664
bmd,Humidity,14,AutoARIMA,0.0298986666741352
bmd,Humidity,30,AutoARIMA,0.0253971607031754
bmd,Humidity,1,NHITS,0.2755252689057345
bmd,Humidity,3,NHITS,0.0901038883763032
bmd,Humidity,7,NHITS,0.0211439634834839
bmd,Humidity,14,NHITS,0.0008746059069792
bmd,Humidity,30,NHITS,0.0271969585590211
bmd,Humidity,1,PatchTST,0.2830392510442626
bmd,Humidity,3,PatchTST,0.0990723305724528
bmd,Humidity,7,PatchTST,0.0544476197981816
bmd,Humidity,14,PatchTST,0.0437620629987165
bmd,Humidity,30,PatchTST,0.0474030117518947
bmd,Humidity,1,chronos2,0.289180467210491
bmd,Humidity,3,chronos2,0.1208615199482013
bmd,Humidity,7,chronos2,0.0642236810252965
bmd,Humidity,14,chronos2,0.049021648798544
bmd,Humidity,30,chronos2,0.0532454203332061
bmd,Humidity,1,chronos_bolt,0.2843685918452223
bmd,Humidity,3,chronos_bolt,0.1157574680195981
bmd,Humidity,7,chronos_bolt,0.0491556857509908
bmd,Humidity,14,chronos_bolt,0.0338123512024483
bmd,Humidity,30,chronos_bolt,0.0331080349283138
bmd,Humidity,1,moirai2,0.2882035017244705
bmd,Humidity,3,moirai2,0.1069835472208365
bmd,Humidity,7,moirai2,0.0400412671559599
bmd,Humidity,14,moirai2,0.0185163343313985
bmd,Humidity,30,moirai2,0.013990783651453
bmd,Humidity,1,sundial,0.2291995955047838
bmd,Humidity,3,sundial,0.0408543086950867
bmd,Humidity,7,sundial,-0.0093838882579722
bmd,Humidity,14,sundial,-0.023292206133852
bmd,Humidity,30,sundial,-0.0197872581249773
bmd,Humidity,1,timesfm25,0.2941834320809761
bmd,Humidity,3,timesfm25,0.117931254125148
bmd,Humidity,7,timesfm25,0.0622696405749428
bmd,Humidity,14,timesfm25,0.0476481754732381
bmd,Humidity,30,timesfm25,0.0482525742370645
bmd,Humidity,1,tirex,0.2916100641592059
bmd,Humidity,3,tirex,0.1143110534735855
bmd,Humidity,7,tirex,0.0571365530010452
bmd,Humidity,14,tirex,0.0425667735445547
bmd,Humidity,30,tirex,0.0390933382306125
bmd,Humidity,1,toto2,0.1744955324463668
bmd,Humidity,3,toto2,-0.00031102800301
bmd,Humidity,7,toto2,-0.0600111628937789
bmd,Humidity,14,toto2,-0.0696582940545065
bmd,Humidity,30,toto2,-0.0611470774823368
bmd,Humidity,1,ttm_r2,0.052057323505804
bmd,Humidity,3,ttm_r2,-0.1464215007146139
bmd,Humidity,7,ttm_r2,-0.2425504138505951
bmd,Humidity,14,ttm_r2,-0.2636459499356529
bmd,Humidity,30,ttm_r2,-0.2534438306524578
bmd,Sunshine,1,AutoARIMA,0.1442959917672913
bmd,Sunshine,3,AutoARIMA,0.0142472333929712
bmd,Sunshine,7,AutoARIMA,0.0075932769632599
bmd,Sunshine,14,AutoARIMA,0.0074953777323629
bmd,Sunshine,30,AutoARIMA,0.0078517143924556
bmd,Sunshine,1,NHITS,0.1621434919703532
bmd,Sunshine,3,NHITS,0.0288307052966849
bmd,Sunshine,7,NHITS,0.0227668334640196
bmd,Sunshine,14,NHITS,0.0164466909377843
bmd,Sunshine,30,NHITS,0.0178303737846662
bmd,Sunshine,1,PatchTST,0.1614932851935786
bmd,Sunshine,3,PatchTST,0.033224537160327
bmd,Sunshine,7,PatchTST,0.029605674333197
bmd,Sunshine,14,PatchTST,0.0262828796705597
bmd,Sunshine,30,PatchTST,0.0191040415742703
bmd,Sunshine,1,chronos2,0.1784546767073502
bmd,Sunshine,3,chronos2,0.0383942837615219
bmd,Sunshine,7,chronos2,0.0343802552509675
bmd,Sunshine,14,chronos2,0.0335034116757413
bmd,Sunshine,30,chronos2,0.0401077220925821
bmd,Sunshine,1,chronos_bolt,0.1634468111990845
bmd,Sunshine,3,chronos_bolt,0.0192791211644096
bmd,Sunshine,7,chronos_bolt,0.0055151201380887
bmd,Sunshine,14,chronos_bolt,-0.0031733784641485
bmd,Sunshine,30,chronos_bolt,-0.0056725015914682
bmd,Sunshine,1,moirai2,0.1612543283050672
bmd,Sunshine,3,moirai2,0.0066053983751385
bmd,Sunshine,7,moirai2,-0.0159962629767962
bmd,Sunshine,14,moirai2,-0.0373480583109966
bmd,Sunshine,30,moirai2,-0.0681268267631776
bmd,Sunshine,1,sundial,0.098839157963526
bmd,Sunshine,3,sundial,-0.0670679887987637
bmd,Sunshine,7,sundial,-0.0706760735737364
bmd,Sunshine,14,sundial,-0.0787506013213448
bmd,Sunshine,30,sundial,-0.0705317955059086
bmd,Sunshine,1,timesfm25,0.1640494371839558
bmd,Sunshine,3,timesfm25,0.0244057233255737
bmd,Sunshine,7,timesfm25,0.0236838946312518
bmd,Sunshine,14,timesfm25,0.0227565766756716
bmd,Sunshine,30,timesfm25,0.0266669211933234
bmd,Sunshine,1,tirex,0.1756547198664489
bmd,Sunshine,3,tirex,0.0378571800668204
bmd,Sunshine,7,tirex,0.032638402576179
bmd,Sunshine,14,tirex,0.0324773287235695
bmd,Sunshine,30,tirex,0.0336045173418423
bmd,Sunshine,1,toto2,0.1761175810987342
bmd,Sunshine,3,toto2,0.0356249199692854
bmd,Sunshine,7,toto2,0.0340461164468683
bmd,Sunshine,14,toto2,0.0312092655671719
bmd,Sunshine,30,toto2,0.0344051755479406
bmd,Sunshine,1,ttm_r2,-0.1156033347186822
bmd,Sunshine,3,ttm_r2,-0.3161114469148807
bmd,Sunshine,7,ttm_r2,-0.3380442683129854
bmd,Sunshine,14,ttm_r2,-0.338853628823377
bmd,Sunshine,30,ttm_r2,-0.3374913378149291
ghcn_bangladesh,Rainfall,1,AutoARIMA,-0.1804026973606647
ghcn_bangladesh,Rainfall,3,AutoARIMA,-0.2146404448061427
ghcn_bangladesh,Rainfall,7,AutoARIMA,-0.1909929860242423
ghcn_bangladesh,Rainfall,14,AutoARIMA,-0.174290766317789
ghcn_bangladesh,Rainfall,30,AutoARIMA,-0.2360290826556152
ghcn_bangladesh,Rainfall,1,NHITS,0.0599293485178864
ghcn_bangladesh,Rainfall,3,NHITS,0.0087112463537626
ghcn_bangladesh,Rainfall,7,NHITS,0.0089011764730736
ghcn_bangladesh,Rainfall,14,NHITS,-0.0003109153678435
ghcn_bangladesh,Rainfall,30,NHITS,-0.02208307423544
ghcn_bangladesh,Rainfall,1,PatchTST,0.04288840363977
ghcn_bangladesh,Rainfall,3,PatchTST,-0.0707324813033005
ghcn_bangladesh,Rainfall,7,PatchTST,-0.0560080990500109
ghcn_bangladesh,Rainfall,14,PatchTST,-0.0402094702020365
ghcn_bangladesh,Rainfall,30,PatchTST,-0.0760940166862476
ghcn_bangladesh,Rainfall,1,chronos2,0.0861953107487633
ghcn_bangladesh,Rainfall,3,chronos2,0.0290071530585274
ghcn_bangladesh,Rainfall,7,chronos2,0.0170244169062443
ghcn_bangladesh,Rainfall,14,chronos2,0.0275011701625128
ghcn_bangladesh,Rainfall,30,chronos2,0.0188663403175427
ghcn_bangladesh,Rainfall,1,chronos_bolt,0.063060620073401
ghcn_bangladesh,Rainfall,3,chronos_bolt,0.0177677079874047
ghcn_bangladesh,Rainfall,7,chronos_bolt,0.0095317323529285
ghcn_bangladesh,Rainfall,14,chronos_bolt,0.0183199951537039
ghcn_bangladesh,Rainfall,30,chronos_bolt,0.0112317987245943
ghcn_bangladesh,Rainfall,1,moirai2,0.0792265469865594
ghcn_bangladesh,Rainfall,3,moirai2,0.0209886141269348
ghcn_bangladesh,Rainfall,7,moirai2,-0.0015708639228053
ghcn_bangladesh,Rainfall,14,moirai2,0.008265138142548
ghcn_bangladesh,Rainfall,30,moirai2,-0.0280599078075709
ghcn_bangladesh,Rainfall,1,sundial,-0.0233069617289312
ghcn_bangladesh,Rainfall,3,sundial,-0.1184156542007857
ghcn_bangladesh,Rainfall,7,sundial,-0.1294675658640944
ghcn_bangladesh,Rainfall,14,sundial,-0.1069384570873146
ghcn_bangladesh,Rainfall,30,sundial,-0.1642130534390944
ghcn_bangladesh,Rainfall,1,timesfm25,0.0515061392200507
ghcn_bangladesh,Rainfall,3,timesfm25,-0.0075280958455994
ghcn_bangladesh,Rainfall,7,timesfm25,0.0005099684349743
ghcn_bangladesh,Rainfall,14,timesfm25,0.0119536024283036
ghcn_bangladesh,Rainfall,30,timesfm25,-0.0107421226328527
ghcn_bangladesh,Rainfall,1,tirex,0.0897093630864104
ghcn_bangladesh,Rainfall,3,tirex,-0.0079403943563503
ghcn_bangladesh,Rainfall,7,tirex,-0.0110225286337606
ghcn_bangladesh,Rainfall,14,tirex,-0.0009181140856342
ghcn_bangladesh,Rainfall,30,tirex,-0.02282411913135
ghcn_bangladesh,Rainfall,1,toto2,0.0954073894548009
ghcn_bangladesh,Rainfall,3,toto2,0.0219654168567002
ghcn_bangladesh,Rainfall,7,toto2,-0.0030015807456895
ghcn_bangladesh,Rainfall,14,toto2,0.0107348487746485
ghcn_bangladesh,Rainfall,30,toto2,-0.0056302753029122
ghcn_bangladesh,Rainfall,1,ttm_r2,-0.3220334094375192
ghcn_bangladesh,Rainfall,3,ttm_r2,-0.412444154014375
ghcn_bangladesh,Rainfall,7,ttm_r2,-0.4208281411675996
ghcn_bangladesh,Rainfall,14,ttm_r2,-0.3735214700402547
ghcn_bangladesh,Rainfall,30,ttm_r2,-0.4806704127552725
ghcn_bangladesh,Tavg,1,AutoARIMA,0.3168268004605745
ghcn_bangladesh,Tavg,3,AutoARIMA,0.1271253079443559
ghcn_bangladesh,Tavg,7,AutoARIMA,0.0643563170155433
ghcn_bangladesh,Tavg,14,AutoARIMA,0.0485479459919097
ghcn_bangladesh,Tavg,30,AutoARIMA,0.0455591389188598
ghcn_bangladesh,Tavg,1,NHITS,0.246178573568188
ghcn_bangladesh,Tavg,3,NHITS,0.0779441505771832
ghcn_bangladesh,Tavg,7,NHITS,-0.016220073534829
ghcn_bangladesh,Tavg,14,NHITS,0.0038901471437248
ghcn_bangladesh,Tavg,30,NHITS,-0.0472372824596185
ghcn_bangladesh,Tavg,1,PatchTST,0.2865315188952618
ghcn_bangladesh,Tavg,3,PatchTST,0.1211499367497926
ghcn_bangladesh,Tavg,7,PatchTST,0.0723386392877099
ghcn_bangladesh,Tavg,14,PatchTST,0.0494479337192435
ghcn_bangladesh,Tavg,30,PatchTST,0.0269507187761706
ghcn_bangladesh,Tavg,1,chronos2,0.3172072103209949
ghcn_bangladesh,Tavg,3,chronos2,0.1450323205752922
ghcn_bangladesh,Tavg,7,chronos2,0.0660359560769042
ghcn_bangladesh,Tavg,14,chronos2,0.0398515076957579
ghcn_bangladesh,Tavg,30,chronos2,0.0380048243417813
ghcn_bangladesh,Tavg,1,chronos_bolt,0.3160333889804141
ghcn_bangladesh,Tavg,3,chronos_bolt,0.1133385909308873
ghcn_bangladesh,Tavg,7,chronos_bolt,0.0113741240203546
ghcn_bangladesh,Tavg,14,chronos_bolt,-0.0398319222996916
ghcn_bangladesh,Tavg,30,chronos_bolt,-0.0793727313908694
ghcn_bangladesh,Tavg,1,moirai2,0.3006617611754369
ghcn_bangladesh,Tavg,3,moirai2,0.1025106770842925
ghcn_bangladesh,Tavg,7,moirai2,-0.0539623799961668
ghcn_bangladesh,Tavg,14,moirai2,-0.154131258212983
ghcn_bangladesh,Tavg,30,moirai2,-0.2439075434389854
ghcn_bangladesh,Tavg,1,sundial,0.2522220435321366
ghcn_bangladesh,Tavg,3,sundial,0.0425994752194676
ghcn_bangladesh,Tavg,7,sundial,-0.0453327415484008
ghcn_bangladesh,Tavg,14,sundial,-0.0854639697429473
ghcn_bangladesh,Tavg,30,sundial,-0.1178078911659521
ghcn_bangladesh,Tavg,1,timesfm25,0.3269581158495221
ghcn_bangladesh,Tavg,3,timesfm25,0.1284629147971393
ghcn_bangladesh,Tavg,7,timesfm25,0.0251868357130646
ghcn_bangladesh,Tavg,14,timesfm25,-0.0175010359599956
ghcn_bangladesh,Tavg,30,timesfm25,-0.0721451843095488
ghcn_bangladesh,Tavg,1,tirex,0.3278457376075872
ghcn_bangladesh,Tavg,3,tirex,0.1232781935992894
ghcn_bangladesh,Tavg,7,tirex,0.0262189227606777
ghcn_bangladesh,Tavg,14,tirex,-0.0064940939625413
ghcn_bangladesh,Tavg,30,tirex,-0.0446010839148225
ghcn_bangladesh,Tavg,1,toto2,0.1831209158978551
ghcn_bangladesh,Tavg,3,toto2,0.0209663748560018
ghcn_bangladesh,Tavg,7,toto2,-0.0867993424970372
ghcn_bangladesh,Tavg,14,toto2,-0.1494028133342473
ghcn_bangladesh,Tavg,30,toto2,-0.2765582330299039
ghcn_bangladesh,Tavg,1,ttm_r2,0.0890514823178967
ghcn_bangladesh,Tavg,3,ttm_r2,-0.1455348545910366
ghcn_bangladesh,Tavg,7,ttm_r2,-0.3326006760861031
ghcn_bangladesh,Tavg,14,ttm_r2,-0.4409782541137608
ghcn_bangladesh,Tavg,30,ttm_r2,-0.5147603975495876
ghcn_temperate,Rainfall,1,AutoARIMA,-0.247302489608425
ghcn_temperate,Rainfall,3,AutoARIMA,-0.2182987241102407
ghcn_temperate,Rainfall,7,AutoARIMA,-0.228360986121989
ghcn_temperate,Rainfall,14,AutoARIMA,-0.2289585104104747
ghcn_temperate,Rainfall,30,AutoARIMA,-0.2595300056037248
ghcn_temperate,Rainfall,1,NHITS,0.0161047417088927
ghcn_temperate,Rainfall,3,NHITS,-0.0164668069489797
ghcn_temperate,Rainfall,7,NHITS,-0.026146902325133
ghcn_temperate,Rainfall,14,NHITS,-0.0282805239482073
ghcn_temperate,Rainfall,30,NHITS,-0.0370034195726847
ghcn_temperate,Rainfall,1,PatchTST,-0.0094809399880426
ghcn_temperate,Rainfall,3,PatchTST,-0.043639416883729
ghcn_temperate,Rainfall,7,PatchTST,-0.0696192188511446
ghcn_temperate,Rainfall,14,PatchTST,-0.0530559050137018
ghcn_temperate,Rainfall,30,PatchTST,-0.0650843945992101
ghcn_temperate,Rainfall,1,chronos2,0.02384146383067
ghcn_temperate,Rainfall,3,chronos2,-0.0033866745515427
ghcn_temperate,Rainfall,7,chronos2,-0.0143668092634139
ghcn_temperate,Rainfall,14,chronos2,-0.0146589136164692
ghcn_temperate,Rainfall,30,chronos2,-0.0133069758518757
ghcn_temperate,Rainfall,1,chronos_bolt,0.0174211931958626
ghcn_temperate,Rainfall,3,chronos_bolt,-0.0044058717301525
ghcn_temperate,Rainfall,7,chronos_bolt,-0.0159127970139965
ghcn_temperate,Rainfall,14,chronos_bolt,-0.0148743317346788
ghcn_temperate,Rainfall,30,chronos_bolt,-0.016563273191505
ghcn_temperate,Rainfall,1,moirai2,0.0253833781866004
ghcn_temperate,Rainfall,3,moirai2,-0.005086989547238
ghcn_temperate,Rainfall,7,moirai2,-0.0169841296632338
ghcn_temperate,Rainfall,14,moirai2,-0.0193999171881706
ghcn_temperate,Rainfall,30,moirai2,-0.0183139384354176
ghcn_temperate,Rainfall,1,sundial,-0.1478267229282297
ghcn_temperate,Rainfall,3,sundial,-0.1746194641699754
ghcn_temperate,Rainfall,7,sundial,-0.1906998773696888
ghcn_temperate,Rainfall,14,sundial,-0.1896626277465729
ghcn_temperate,Rainfall,30,sundial,-0.2065606284471279
ghcn_temperate,Rainfall,1,timesfm25,0.0079256591082268
ghcn_temperate,Rainfall,3,timesfm25,-0.0124708599204481
ghcn_temperate,Rainfall,7,timesfm25,-0.0183982089964771
ghcn_temperate,Rainfall,14,timesfm25,-0.0171320379414705
ghcn_temperate,Rainfall,30,timesfm25,-0.0114990560257008
ghcn_temperate,Rainfall,1,tirex,0.0308626831421736
ghcn_temperate,Rainfall,3,tirex,-0.0002650324476733
ghcn_temperate,Rainfall,7,tirex,-0.011072318452864
ghcn_temperate,Rainfall,14,tirex,-0.0100604389601037
ghcn_temperate,Rainfall,30,tirex,-0.0090341951102081
ghcn_temperate,Rainfall,1,toto2,0.030225254052021
ghcn_temperate,Rainfall,3,toto2,0.001690372952657
ghcn_temperate,Rainfall,7,toto2,-0.014980212737228
ghcn_temperate,Rainfall,14,toto2,-0.0154318136961071
ghcn_temperate,Rainfall,30,toto2,-0.0142207377123826
ghcn_temperate,Rainfall,1,ttm_r2,-0.5118580749322574
ghcn_temperate,Rainfall,3,ttm_r2,-0.5143941118378952
ghcn_temperate,Rainfall,7,ttm_r2,-0.5354562307163353
ghcn_temperate,Rainfall,14,ttm_r2,-0.5333284334635835
ghcn_temperate,Rainfall,30,ttm_r2,-0.5798484503977968
ghcn_temperate,Tavg,1,AutoARIMA,0.4336781879920561
ghcn_temperate,Tavg,3,AutoARIMA,0.1306194512595386
ghcn_temperate,Tavg,7,AutoARIMA,0.0572176377254005
ghcn_temperate,Tavg,14,AutoARIMA,0.037856194110393
ghcn_temperate,Tavg,30,AutoARIMA,0.0370389695378218
ghcn_temperate,Tavg,1,NHITS,0.4177346481278211
ghcn_temperate,Tavg,3,NHITS,0.1237339717193998
ghcn_temperate,Tavg,7,NHITS,0.01137768767897
ghcn_temperate,Tavg,14,NHITS,-0.0159880153361942
ghcn_temperate,Tavg,30,NHITS,-0.0015821660471397
ghcn_temperate,Tavg,1,PatchTST,0.4150603895419557
ghcn_temperate,Tavg,3,PatchTST,0.1367374889578848
ghcn_temperate,Tavg,7,PatchTST,0.0614988994941183
ghcn_temperate,Tavg,14,PatchTST,0.0464008685946376
ghcn_temperate,Tavg,30,PatchTST,0.0569423896087806
ghcn_temperate,Tavg,1,chronos2,0.4322905759188999
ghcn_temperate,Tavg,3,chronos2,0.1462748337134327
ghcn_temperate,Tavg,7,chronos2,0.0756226815037921
ghcn_temperate,Tavg,14,chronos2,0.0594516318064947
ghcn_temperate,Tavg,30,chronos2,0.0667750968074771
ghcn_temperate,Tavg,1,chronos_bolt,0.4321973788969286
ghcn_temperate,Tavg,3,chronos_bolt,0.1424942988075824
ghcn_temperate,Tavg,7,chronos_bolt,0.0738257761754238
ghcn_temperate,Tavg,14,chronos_bolt,0.0564096405400165
ghcn_temperate,Tavg,30,chronos_bolt,0.0598325297909244
ghcn_temperate,Tavg,1,moirai2,0.431874078790049
ghcn_temperate,Tavg,3,moirai2,0.1408772136624069
ghcn_temperate,Tavg,7,moirai2,0.0631771315338889
ghcn_temperate,Tavg,14,moirai2,0.0443042149211624
ghcn_temperate,Tavg,30,moirai2,0.0458473283408168
ghcn_temperate,Tavg,1,sundial,0.3683621018494614
ghcn_temperate,Tavg,3,sundial,0.0425369037830087
ghcn_temperate,Tavg,7,sundial,-0.0342362710122507
ghcn_temperate,Tavg,14,sundial,-0.0556152387751667
ghcn_temperate,Tavg,30,sundial,-0.0510590219160405
ghcn_temperate,Tavg,1,timesfm25,0.4349699225443534
ghcn_temperate,Tavg,3,timesfm25,0.142071900499798
ghcn_temperate,Tavg,7,timesfm25,0.0697074078636073
ghcn_temperate,Tavg,14,timesfm25,0.0517130190027297
ghcn_temperate,Tavg,30,timesfm25,0.0577795002931689
ghcn_temperate,Tavg,1,tirex,0.4408410225829234
ghcn_temperate,Tavg,3,tirex,0.1465746248593407
ghcn_temperate,Tavg,7,tirex,0.072503399402262
ghcn_temperate,Tavg,14,tirex,0.0587119422163817
ghcn_temperate,Tavg,30,tirex,0.0591922359287709
ghcn_temperate,Tavg,1,toto2,0.4369083239507322
ghcn_temperate,Tavg,3,toto2,0.131530280821042
ghcn_temperate,Tavg,7,toto2,0.0467847342472108
ghcn_temperate,Tavg,14,toto2,0.0206282670218213
ghcn_temperate,Tavg,30,toto2,0.0246907841241785
ghcn_temperate,Tavg,1,ttm_r2,0.1927475235016857
ghcn_temperate,Tavg,3,ttm_r2,-0.1189753741923724
ghcn_temperate,Tavg,7,ttm_r2,-0.2180780699761297
ghcn_temperate,Tavg,14,ttm_r2,-0.235056709747931
ghcn_temperate,Tavg,30,ttm_r2,-0.2393636458725458
nasa_power_bmd,PRECTOTCORR,1,AutoARIMA,0.1312396095695599
nasa_power_bmd,PRECTOTCORR,3,AutoARIMA,-0.0790789815131653
nasa_power_bmd,PRECTOTCORR,7,AutoARIMA,-0.1312219637725244
nasa_power_bmd,PRECTOTCORR,14,AutoARIMA,-0.1380374659962397
nasa_power_bmd,PRECTOTCORR,30,AutoARIMA,-0.1027508877037599
nasa_power_bmd,PRECTOTCORR,1,NHITS,0.2702779373445936
nasa_power_bmd,PRECTOTCORR,3,NHITS,0.0484707891364076
nasa_power_bmd,PRECTOTCORR,7,NHITS,0.0696203465574075
nasa_power_bmd,PRECTOTCORR,14,NHITS,0.0271308625264745
nasa_power_bmd,PRECTOTCORR,30,NHITS,0.0534072239350761
nasa_power_bmd,PRECTOTCORR,1,PatchTST,0.2567192500050792
nasa_power_bmd,PRECTOTCORR,3,PatchTST,0.044772942774496
nasa_power_bmd,PRECTOTCORR,7,PatchTST,-0.0160419023179492
nasa_power_bmd,PRECTOTCORR,14,PatchTST,-0.0041375944084276
nasa_power_bmd,PRECTOTCORR,30,PatchTST,0.0180887354588995
nasa_power_bmd,PRECTOTCORR,1,chronos2,0.3134543503205427
nasa_power_bmd,PRECTOTCORR,3,chronos2,0.1406704228549952
nasa_power_bmd,PRECTOTCORR,7,chronos2,0.1117163652868192
nasa_power_bmd,PRECTOTCORR,14,chronos2,0.1133472063100443
nasa_power_bmd,PRECTOTCORR,30,chronos2,0.115206235743724
nasa_power_bmd,PRECTOTCORR,1,chronos_bolt,0.2790731172158373
nasa_power_bmd,PRECTOTCORR,3,chronos_bolt,0.1280865559216256
nasa_power_bmd,PRECTOTCORR,7,chronos_bolt,0.0981156454573112
nasa_power_bmd,PRECTOTCORR,14,chronos_bolt,0.1025791330533598
nasa_power_bmd,PRECTOTCORR,30,chronos_bolt,0.1002793906954949
nasa_power_bmd,PRECTOTCORR,1,moirai2,0.3048544075027602
nasa_power_bmd,PRECTOTCORR,3,moirai2,0.1277326301560269
nasa_power_bmd,PRECTOTCORR,7,moirai2,0.1003790670374263
nasa_power_bmd,PRECTOTCORR,14,moirai2,0.096410124543509
nasa_power_bmd,PRECTOTCORR,30,moirai2,0.085776949754712
nasa_power_bmd,PRECTOTCORR,1,sundial,0.262094302411595
nasa_power_bmd,PRECTOTCORR,3,sundial,0.04962722241477
nasa_power_bmd,PRECTOTCORR,7,sundial,0.0170664306962766
nasa_power_bmd,PRECTOTCORR,14,sundial,0.0244327186310815
nasa_power_bmd,PRECTOTCORR,30,sundial,0.0466922577972097
nasa_power_bmd,PRECTOTCORR,1,timesfm25,0.295435358814153
nasa_power_bmd,PRECTOTCORR,3,timesfm25,0.1310311299325817
nasa_power_bmd,PRECTOTCORR,7,timesfm25,0.0967386140275009
nasa_power_bmd,PRECTOTCORR,14,timesfm25,0.0943345373156662
nasa_power_bmd,PRECTOTCORR,30,timesfm25,0.1028309857003613
nasa_power_bmd,PRECTOTCORR,1,tirex,0.3269039044999154
nasa_power_bmd,PRECTOTCORR,3,tirex,0.1419453422081212
nasa_power_bmd,PRECTOTCORR,7,tirex,0.1126198243735685
nasa_power_bmd,PRECTOTCORR,14,tirex,0.1154972201378919
nasa_power_bmd,PRECTOTCORR,30,tirex,0.1179752099083925
nasa_power_bmd,PRECTOTCORR,1,toto2,0.3269466016020287
nasa_power_bmd,PRECTOTCORR,3,toto2,0.1362093807579529
nasa_power_bmd,PRECTOTCORR,7,toto2,0.1096274357534626
nasa_power_bmd,PRECTOTCORR,14,toto2,0.1092858488599298
nasa_power_bmd,PRECTOTCORR,30,toto2,0.1122249918056614
nasa_power_bmd,PRECTOTCORR,1,ttm_r2,-0.0180957342533036
nasa_power_bmd,PRECTOTCORR,3,ttm_r2,-0.2133685760195232
nasa_power_bmd,PRECTOTCORR,7,ttm_r2,-0.2926161788150192
nasa_power_bmd,PRECTOTCORR,14,ttm_r2,-0.2919441535815008
nasa_power_bmd,PRECTOTCORR,30,ttm_r2,-0.2697883405096533
nasa_power_bmd,T2M,1,AutoARIMA,0.530333925202819
nasa_power_bmd,T2M,3,AutoARIMA,0.2410614807900301
nasa_power_bmd,T2M,7,AutoARIMA,0.0995357719933237
nasa_power_bmd,T2M,14,AutoARIMA,0.0308725017087548
nasa_power_bmd,T2M,30,AutoARIMA,-0.051406867517004
nasa_power_bmd,T2M,1,NHITS,0.4776120290942071
nasa_power_bmd,T2M,3,NHITS,0.1216450003893092
nasa_power_bmd,T2M,7,NHITS,-0.0557152633755242
nasa_power_bmd,T2M,14,NHITS,-0.0901582760244106
nasa_power_bmd,T2M,30,NHITS,-0.113381344288693
nasa_power_bmd,T2M,1,PatchTST,0.5134787509101539
nasa_power_bmd,T2M,3,PatchTST,0.2436762810617548
nasa_power_bmd,T2M,7,PatchTST,0.1035268810114752
nasa_power_bmd,T2M,14,PatchTST,0.0647402041373514
nasa_power_bmd,T2M,30,PatchTST,0.0203992780190122
nasa_power_bmd,T2M,1,chronos2,0.5249552325095954
nasa_power_bmd,T2M,3,chronos2,0.2686446141512499
nasa_power_bmd,T2M,7,chronos2,0.1533107526705641
nasa_power_bmd,T2M,14,chronos2,0.101728031915244
nasa_power_bmd,T2M,30,chronos2,0.0645464447787518
nasa_power_bmd,T2M,1,chronos_bolt,0.5266271582573046
nasa_power_bmd,T2M,3,chronos_bolt,0.2562636805425159
nasa_power_bmd,T2M,7,chronos_bolt,0.0998956498767144
nasa_power_bmd,T2M,14,chronos_bolt,0.0019906824978712
nasa_power_bmd,T2M,30,chronos_bolt,-0.1220591951331944
nasa_power_bmd,T2M,1,moirai2,0.5286871870368585
nasa_power_bmd,T2M,3,moirai2,0.2631778195762375
nasa_power_bmd,T2M,7,moirai2,0.0981505185637723
nasa_power_bmd,T2M,14,moirai2,0.0069580254853602
nasa_power_bmd,T2M,30,moirai2,-0.090927314349045
nasa_power_bmd,T2M,1,sundial,0.4842306542451569
nasa_power_bmd,T2M,3,sundial,0.1824354493750877
nasa_power_bmd,T2M,7,sundial,0.061083511033519
nasa_power_bmd,T2M,14,sundial,-0.0079983021036376
nasa_power_bmd,T2M,30,sundial,-0.0520733868617173
nasa_power_bmd,T2M,1,timesfm25,0.540112337310374
nasa_power_bmd,T2M,3,timesfm25,0.2694308937487002
nasa_power_bmd,T2M,7,timesfm25,0.1455342444385362
nasa_power_bmd,T2M,14,timesfm25,0.0903147726776941
nasa_power_bmd,T2M,30,timesfm25,0.0486869516608055
nasa_power_bmd,T2M,1,tirex,0.5406967463147416
nasa_power_bmd,T2M,3,tirex,0.2642888941995882
nasa_power_bmd,T2M,7,tirex,0.1309689664376111
nasa_power_bmd,T2M,14,tirex,0.072113265277767
nasa_power_bmd,T2M,30,tirex,0.0222247465639945
nasa_power_bmd,T2M,1,toto2,0.5420477742068434
nasa_power_bmd,T2M,3,toto2,0.2580160755272243
nasa_power_bmd,T2M,7,toto2,0.1307012445458959
nasa_power_bmd,T2M,14,toto2,0.067038572020089
nasa_power_bmd,T2M,30,toto2,-0.0063596603506479
nasa_power_bmd,T2M,1,ttm_r2,0.3654908038898152
nasa_power_bmd,T2M,3,ttm_r2,0.0142953105195728
nasa_power_bmd,T2M,7,ttm_r2,-0.2750827786523993
nasa_power_bmd,T2M,14,ttm_r2,-0.4128149330897337
nasa_power_bmd,T2M,30,ttm_r2,-0.621922845284258
nasa_power_bmd,RH2M,1,AutoARIMA,0.6080380914327448
nasa_power_bmd,RH2M,3,AutoARIMA,0.4416167181824388
nasa_power_bmd,RH2M,7,AutoARIMA,0.3548148490744034
nasa_power_bmd,RH2M,14,AutoARIMA,0.3027386085561079
nasa_power_bmd,RH2M,30,AutoARIMA,0.2192208760984181
nasa_power_bmd,RH2M,1,NHITS,0.5951473520086081
nasa_power_bmd,RH2M,3,NHITS,0.4191636115039312
nasa_power_bmd,RH2M,7,NHITS,0.325691523345557
nasa_power_bmd,RH2M,14,NHITS,0.2643558856346448
nasa_power_bmd,RH2M,30,NHITS,0.2392271165657902
nasa_power_bmd,RH2M,1,PatchTST,0.6118504454964546
nasa_power_bmd,RH2M,3,PatchTST,0.4620859496168903
nasa_power_bmd,RH2M,7,PatchTST,0.3776826582073146
nasa_power_bmd,RH2M,14,PatchTST,0.3382915905314799
nasa_power_bmd,RH2M,30,PatchTST,0.2975224674407024
nasa_power_bmd,RH2M,1,chronos2,0.6231160706594228
nasa_power_bmd,RH2M,3,chronos2,0.4811723966208646
nasa_power_bmd,RH2M,7,chronos2,0.4083188545742342
nasa_power_bmd,RH2M,14,chronos2,0.3764090346653784
nasa_power_bmd,RH2M,30,chronos2,0.3475915492738942
nasa_power_bmd,RH2M,1,chronos_bolt,0.617859124876668
nasa_power_bmd,RH2M,3,chronos_bolt,0.4772453644176582
nasa_power_bmd,RH2M,7,chronos_bolt,0.401464539354902
nasa_power_bmd,RH2M,14,chronos_bolt,0.3682738245031357
nasa_power_bmd,RH2M,30,chronos_bolt,0.3257375629422244
nasa_power_bmd,RH2M,1,moirai2,0.6196403961076175
nasa_power_bmd,RH2M,3,moirai2,0.4812359207146924
nasa_power_bmd,RH2M,7,moirai2,0.4050095717229943
nasa_power_bmd,RH2M,14,moirai2,0.3728193681066772
nasa_power_bmd,RH2M,30,moirai2,0.3567691784092458
nasa_power_bmd,RH2M,1,sundial,0.5855527295039658
nasa_power_bmd,RH2M,3,sundial,0.4333656282922075
nasa_power_bmd,RH2M,7,sundial,0.3516789300714332
nasa_power_bmd,RH2M,14,sundial,0.3186383962423947
nasa_power_bmd,RH2M,30,sundial,0.2885380105328632
nasa_power_bmd,RH2M,1,timesfm25,0.6240750070037314
nasa_power_bmd,RH2M,3,timesfm25,0.4829844196951146
nasa_power_bmd,RH2M,7,timesfm25,0.4092479160482283
nasa_power_bmd,RH2M,14,timesfm25,0.3813128154500145
nasa_power_bmd,RH2M,30,timesfm25,0.3563615892486949
nasa_power_bmd,RH2M,1,tirex,0.6240983794389481
nasa_power_bmd,RH2M,3,tirex,0.4783636232253981
nasa_power_bmd,RH2M,7,tirex,0.4019910537663056
nasa_power_bmd,RH2M,14,tirex,0.364748343307122
nasa_power_bmd,RH2M,30,tirex,0.3270166375685971
nasa_power_bmd,RH2M,1,toto2,0.6254363012651891
nasa_power_bmd,RH2M,3,toto2,0.4816675325880027
nasa_power_bmd,RH2M,7,toto2,0.4095568107050976
nasa_power_bmd,RH2M,14,toto2,0.3793210666527441
nasa_power_bmd,RH2M,30,toto2,0.344580989048602
nasa_power_bmd,RH2M,1,ttm_r2,0.4678628665186303
nasa_power_bmd,RH2M,3,ttm_r2,0.3207042423898694
nasa_power_bmd,RH2M,7,ttm_r2,0.206425565635801
nasa_power_bmd,RH2M,14,ttm_r2,0.1519872466175734
nasa_power_bmd,RH2M,30,ttm_r2,0.1072863477737033
nasa_power_bmd,ALLSKY_SFC_SW_DWN,1,AutoARIMA,0.1812915704511947
nasa_power_bmd,ALLSKY_SFC_SW_DWN,3,AutoARIMA,-0.0012958853707616
nasa_power_bmd,ALLSKY_SFC_SW_DWN,7,AutoARIMA,-0.0001497943751735
nasa_power_bmd,ALLSKY_SFC_SW_DWN,14,AutoARIMA,-0.0025454021459114
nasa_power_bmd,ALLSKY_SFC_SW_DWN,30,AutoARIMA,-0.0107792585699058
nasa_power_bmd,ALLSKY_SFC_SW_DWN,1,NHITS,0.1699771705325717
nasa_power_bmd,ALLSKY_SFC_SW_DWN,3,NHITS,-0.0598665931079578
nasa_power_bmd,ALLSKY_SFC_SW_DWN,7,NHITS,-0.0558567640103986
nasa_power_bmd,ALLSKY_SFC_SW_DWN,14,NHITS,-0.0441325940385906
nasa_power_bmd,ALLSKY_SFC_SW_DWN,30,NHITS,-0.0537785135311046
nasa_power_bmd,ALLSKY_SFC_SW_DWN,1,PatchTST,0.1757520514439851
nasa_power_bmd,ALLSKY_SFC_SW_DWN,3,PatchTST,0.0234974734733567
nasa_power_bmd,ALLSKY_SFC_SW_DWN,7,PatchTST,0.041240745527745
nasa_power_bmd,ALLSKY_SFC_SW_DWN,14,PatchTST,0.0365316648250579
nasa_power_bmd,ALLSKY_SFC_SW_DWN,30,PatchTST,0.0207006718424648
nasa_power_bmd,ALLSKY_SFC_SW_DWN,1,chronos2,0.2297639840584024
nasa_power_bmd,ALLSKY_SFC_SW_DWN,3,chronos2,0.0514526291659758
nasa_power_bmd,ALLSKY_SFC_SW_DWN,7,chronos2,0.0408118639460343
nasa_power_bmd,ALLSKY_SFC_SW_DWN,14,chronos2,0.0437770987675689
nasa_power_bmd,ALLSKY_SFC_SW_DWN,30,chronos2,0.0405081773470006
nasa_power_bmd,ALLSKY_SFC_SW_DWN,1,chronos_bolt,0.2254921004745191
nasa_power_bmd,ALLSKY_SFC_SW_DWN,3,chronos_bolt,0.0375533002130892
nasa_power_bmd,ALLSKY_SFC_SW_DWN,7,chronos_bolt,0.0233989764262222
nasa_power_bmd,ALLSKY_SFC_SW_DWN,14,chronos_bolt,0.0236406133713901
nasa_power_bmd,ALLSKY_SFC_SW_DWN,30,chronos_bolt,0.0198858482741225
nasa_power_bmd,ALLSKY_SFC_SW_DWN,1,moirai2,0.2268155739744068
nasa_power_bmd,ALLSKY_SFC_SW_DWN,3,moirai2,0.0521113007258072
nasa_power_bmd,ALLSKY_SFC_SW_DWN,7,moirai2,0.0487319982573654
nasa_power_bmd,ALLSKY_SFC_SW_DWN,14,moirai2,0.0564135269731072
nasa_power_bmd,ALLSKY_SFC_SW_DWN,30,moirai2,0.0413489302498091
nasa_power_bmd,ALLSKY_SFC_SW_DWN,1,sundial,0.1651643097517842
nasa_power_bmd,ALLSKY_SFC_SW_DWN,3,sundial,-0.040089176585488
nasa_power_bmd,ALLSKY_SFC_SW_DWN,7,sundial,-0.0338024318601222
nasa_power_bmd,ALLSKY_SFC_SW_DWN,14,sundial,-0.0336668826102597
nasa_power_bmd,ALLSKY_SFC_SW_DWN,30,sundial,-0.0496262148975286
nasa_power_bmd,ALLSKY_SFC_SW_DWN,1,timesfm25,0.2241905299535894
nasa_power_bmd,ALLSKY_SFC_SW_DWN,3,timesfm25,0.0456236624272728
nasa_power_bmd,ALLSKY_SFC_SW_DWN,7,timesfm25,0.0387777166209831
nasa_power_bmd,ALLSKY_SFC_SW_DWN,14,timesfm25,0.0429812718004051
nasa_power_bmd,ALLSKY_SFC_SW_DWN,30,timesfm25,0.0361331617461231
nasa_power_bmd,ALLSKY_SFC_SW_DWN,1,tirex,0.2321993719562362
nasa_power_bmd,ALLSKY_SFC_SW_DWN,3,tirex,0.0451135048270107
nasa_power_bmd,ALLSKY_SFC_SW_DWN,7,tirex,0.0366433068803407
nasa_power_bmd,ALLSKY_SFC_SW_DWN,14,tirex,0.0383018147419963
nasa_power_bmd,ALLSKY_SFC_SW_DWN,30,tirex,0.0309915843475381
nasa_power_bmd,ALLSKY_SFC_SW_DWN,1,toto2,0.237781637674438
nasa_power_bmd,ALLSKY_SFC_SW_DWN,3,toto2,0.0384941382486784
nasa_power_bmd,ALLSKY_SFC_SW_DWN,7,toto2,0.0377430242249521
nasa_power_bmd,ALLSKY_SFC_SW_DWN,14,toto2,0.0400874449659955
nasa_power_bmd,ALLSKY_SFC_SW_DWN,30,toto2,0.033898296252305
nasa_power_bmd,ALLSKY_SFC_SW_DWN,1,ttm_r2,-0.0254064233143966
nasa_power_bmd,ALLSKY_SFC_SW_DWN,3,ttm_r2,-0.2748619703826114
nasa_power_bmd,ALLSKY_SFC_SW_DWN,7,ttm_r2,-0.3027207474194227
nasa_power_bmd,ALLSKY_SFC_SW_DWN,14,ttm_r2,-0.2872173825127861
nasa_power_bmd,ALLSKY_SFC_SW_DWN,30,ttm_r2,-0.275994649646625
nasa_power_ghcn_bangladesh,PRECTOTCORR,1,AutoARIMA,0.1286074450753282
nasa_power_ghcn_bangladesh,PRECTOTCORR,3,AutoARIMA,-0.0872149486799023
nasa_power_ghcn_bangladesh,PRECTOTCORR,7,AutoARIMA,-0.1358070759369518
nasa_power_ghcn_bangladesh,PRECTOTCORR,14,AutoARIMA,-0.1428376593555365
nasa_power_ghcn_bangladesh,PRECTOTCORR,30,AutoARIMA,-0.0998651580408591
nasa_power_ghcn_bangladesh,PRECTOTCORR,1,NHITS,0.2654748594397723
nasa_power_ghcn_bangladesh,PRECTOTCORR,3,NHITS,0.0631569667960549
nasa_power_ghcn_bangladesh,PRECTOTCORR,7,NHITS,0.0195620467730593
nasa_power_ghcn_bangladesh,PRECTOTCORR,14,NHITS,0.0397238619587562
nasa_power_ghcn_bangladesh,PRECTOTCORR,30,NHITS,0.0443262388346945
nasa_power_ghcn_bangladesh,PRECTOTCORR,1,PatchTST,0.2841942464499778
nasa_power_ghcn_bangladesh,PRECTOTCORR,3,PatchTST,0.0778892461576005
nasa_power_ghcn_bangladesh,PRECTOTCORR,7,PatchTST,-0.0143270365772487
nasa_power_ghcn_bangladesh,PRECTOTCORR,14,PatchTST,0.0212201585704648
nasa_power_ghcn_bangladesh,PRECTOTCORR,30,PatchTST,-0.0130780643707784
nasa_power_ghcn_bangladesh,PRECTOTCORR,1,chronos2,0.2966821447683445
nasa_power_ghcn_bangladesh,PRECTOTCORR,3,chronos2,0.1229069662795027
nasa_power_ghcn_bangladesh,PRECTOTCORR,7,chronos2,0.0913100160217768
nasa_power_ghcn_bangladesh,PRECTOTCORR,14,chronos2,0.0936151205534775
nasa_power_ghcn_bangladesh,PRECTOTCORR,30,chronos2,0.1048706982203993
nasa_power_ghcn_bangladesh,PRECTOTCORR,1,chronos_bolt,0.2576194731595704
nasa_power_ghcn_bangladesh,PRECTOTCORR,3,chronos_bolt,0.110279852258797
nasa_power_ghcn_bangladesh,PRECTOTCORR,7,chronos_bolt,0.0821996051107609
nasa_power_ghcn_bangladesh,PRECTOTCORR,14,chronos_bolt,0.0859510528702801
nasa_power_ghcn_bangladesh,PRECTOTCORR,30,chronos_bolt,0.0906710151586818
nasa_power_ghcn_bangladesh,PRECTOTCORR,1,moirai2,0.2857891366119881
nasa_power_ghcn_bangladesh,PRECTOTCORR,3,moirai2,0.1099327610080048
nasa_power_ghcn_bangladesh,PRECTOTCORR,7,moirai2,0.0807860726075359
nasa_power_ghcn_bangladesh,PRECTOTCORR,14,moirai2,0.0760818980733083
nasa_power_ghcn_bangladesh,PRECTOTCORR,30,moirai2,0.0711700058491059
nasa_power_ghcn_bangladesh,PRECTOTCORR,1,sundial,0.2409899271163569
nasa_power_ghcn_bangladesh,PRECTOTCORR,3,sundial,0.0266335135686681
nasa_power_ghcn_bangladesh,PRECTOTCORR,7,sundial,-0.0019605486694702
nasa_power_ghcn_bangladesh,PRECTOTCORR,14,sundial,0.0003506274504251
nasa_power_ghcn_bangladesh,PRECTOTCORR,30,sundial,0.0310440960442077
nasa_power_ghcn_bangladesh,PRECTOTCORR,1,timesfm25,0.2771397877546255
nasa_power_ghcn_bangladesh,PRECTOTCORR,3,timesfm25,0.1144184957801826
nasa_power_ghcn_bangladesh,PRECTOTCORR,7,timesfm25,0.0789953849604232
nasa_power_ghcn_bangladesh,PRECTOTCORR,14,timesfm25,0.0775034872011882
nasa_power_ghcn_bangladesh,PRECTOTCORR,30,timesfm25,0.091809690981726
nasa_power_ghcn_bangladesh,PRECTOTCORR,1,tirex,0.3114739354870455
nasa_power_ghcn_bangladesh,PRECTOTCORR,3,tirex,0.1242949972759025
nasa_power_ghcn_bangladesh,PRECTOTCORR,7,tirex,0.0942689426916579
nasa_power_ghcn_bangladesh,PRECTOTCORR,14,tirex,0.0958574462644753
nasa_power_ghcn_bangladesh,PRECTOTCORR,30,tirex,0.1079985465778778
nasa_power_ghcn_bangladesh,PRECTOTCORR,1,toto2,0.3116456239636648
nasa_power_ghcn_bangladesh,PRECTOTCORR,3,toto2,0.1190517874930613
nasa_power_ghcn_bangladesh,PRECTOTCORR,7,toto2,0.0940507876877947
nasa_power_ghcn_bangladesh,PRECTOTCORR,14,toto2,0.0910476192309209
nasa_power_ghcn_bangladesh,PRECTOTCORR,30,toto2,0.1023417241223919
nasa_power_ghcn_bangladesh,PRECTOTCORR,1,ttm_r2,-0.0346318774290848
nasa_power_ghcn_bangladesh,PRECTOTCORR,3,ttm_r2,-0.2326299106673546
nasa_power_ghcn_bangladesh,PRECTOTCORR,7,ttm_r2,-0.3208332987245903
nasa_power_ghcn_bangladesh,PRECTOTCORR,14,ttm_r2,-0.3115188416556427
nasa_power_ghcn_bangladesh,PRECTOTCORR,30,ttm_r2,-0.2859947352483682
nasa_power_ghcn_bangladesh,T2M,1,AutoARIMA,0.5253820661594648
nasa_power_ghcn_bangladesh,T2M,3,AutoARIMA,0.2367598408797875
nasa_power_ghcn_bangladesh,T2M,7,AutoARIMA,0.0990475150474898
nasa_power_ghcn_bangladesh,T2M,14,AutoARIMA,0.037341109599566
nasa_power_ghcn_bangladesh,T2M,30,AutoARIMA,-0.0461448196660776
nasa_power_ghcn_bangladesh,T2M,1,NHITS,0.462521372938355
nasa_power_ghcn_bangladesh,T2M,3,NHITS,0.1048047969386947
nasa_power_ghcn_bangladesh,T2M,7,NHITS,-0.0483955198831294
nasa_power_ghcn_bangladesh,T2M,14,NHITS,-0.0777674502634215
nasa_power_ghcn_bangladesh,T2M,30,NHITS,-0.1316999917499139
nasa_power_ghcn_bangladesh,T2M,1,PatchTST,0.5096030812530051
nasa_power_ghcn_bangladesh,T2M,3,PatchTST,0.2450408904906041
nasa_power_ghcn_bangladesh,T2M,7,PatchTST,0.1176614146286632
nasa_power_ghcn_bangladesh,T2M,14,PatchTST,0.0678434525505122
nasa_power_ghcn_bangladesh,T2M,30,PatchTST,0.0061807801712535
nasa_power_ghcn_bangladesh,T2M,1,chronos2,0.5191604301794874
nasa_power_ghcn_bangladesh,T2M,3,chronos2,0.2624230190389149
nasa_power_ghcn_bangladesh,T2M,7,chronos2,0.1482058197495883
nasa_power_ghcn_bangladesh,T2M,14,chronos2,0.0997432980909579
nasa_power_ghcn_bangladesh,T2M,30,chronos2,0.0607101298242021
nasa_power_ghcn_bangladesh,T2M,1,chronos_bolt,0.5209382462675461
nasa_power_ghcn_bangladesh,T2M,3,chronos_bolt,0.2490059566690073
nasa_power_ghcn_bangladesh,T2M,7,chronos_bolt,0.0987047652334255
nasa_power_ghcn_bangladesh,T2M,14,chronos_bolt,0.0084261051066623
nasa_power_ghcn_bangladesh,T2M,30,chronos_bolt,-0.1113617510284519
nasa_power_ghcn_bangladesh,T2M,1,moirai2,0.5225264492963044
nasa_power_ghcn_bangladesh,T2M,3,moirai2,0.2576141681530177
nasa_power_ghcn_bangladesh,T2M,7,moirai2,0.0988905331640167
nasa_power_ghcn_bangladesh,T2M,14,moirai2,0.0177413070841745
nasa_power_ghcn_bangladesh,T2M,30,moirai2,-0.0681965138828715
nasa_power_ghcn_bangladesh,T2M,1,sundial,0.4760747835378444
nasa_power_ghcn_bangladesh,T2M,3,sundial,0.1763784727536516
nasa_power_ghcn_bangladesh,T2M,7,sundial,0.0550452306737171
nasa_power_ghcn_bangladesh,T2M,14,sundial,-0.0100778920188302
nasa_power_ghcn_bangladesh,T2M,30,sundial,-0.0491232565337615
nasa_power_ghcn_bangladesh,T2M,1,timesfm25,0.5336657532502403
nasa_power_ghcn_bangladesh,T2M,3,timesfm25,0.2633945378913727
nasa_power_ghcn_bangladesh,T2M,7,timesfm25,0.1410825863788256
nasa_power_ghcn_bangladesh,T2M,14,timesfm25,0.0887076421014373
nasa_power_ghcn_bangladesh,T2M,30,timesfm25,0.0463426706643574
nasa_power_ghcn_bangladesh,T2M,1,tirex,0.5341103494796567
nasa_power_ghcn_bangladesh,T2M,3,tirex,0.2587834360366754
nasa_power_ghcn_bangladesh,T2M,7,tirex,0.1284886408805362
nasa_power_ghcn_bangladesh,T2M,14,tirex,0.073980915804534
nasa_power_ghcn_bangladesh,T2M,30,tirex,0.0265193553232072
nasa_power_ghcn_bangladesh,T2M,1,toto2,0.5347265371390248
nasa_power_ghcn_bangladesh,T2M,3,toto2,0.25228419070668
nasa_power_ghcn_bangladesh,T2M,7,toto2,0.1239785080037875
nasa_power_ghcn_bangladesh,T2M,14,toto2,0.0651435186638732
nasa_power_ghcn_bangladesh,T2M,30,toto2,-0.0143200092662856
nasa_power_ghcn_bangladesh,T2M,1,ttm_r2,0.3588853273768521
nasa_power_ghcn_bangladesh,T2M,3,ttm_r2,0.0090306175782843
nasa_power_ghcn_bangladesh,T2M,7,ttm_r2,-0.2760201147449883
nasa_power_ghcn_bangladesh,T2M,14,ttm_r2,-0.403598397442245
nasa_power_ghcn_bangladesh,T2M,30,ttm_r2,-0.6070345050933208
nasa_power_ghcn_temperate,PRECTOTCORR,1,AutoARIMA,-0.1018955145551747
nasa_power_ghcn_temperate,PRECTOTCORR,3,AutoARIMA,-0.1221967969126369
nasa_power_ghcn_temperate,PRECTOTCORR,7,AutoARIMA,-0.1472697669708662
nasa_power_ghcn_temperate,PRECTOTCORR,14,AutoARIMA,-0.1497844656883096
nasa_power_ghcn_temperate,PRECTOTCORR,30,AutoARIMA,-0.1427362085128158
nasa_power_ghcn_temperate,PRECTOTCORR,1,NHITS,0.064319785820595
nasa_power_ghcn_temperate,PRECTOTCORR,3,NHITS,-0.006967966305331
nasa_power_ghcn_temperate,PRECTOTCORR,7,NHITS,-0.0185043026663749
nasa_power_ghcn_temperate,PRECTOTCORR,14,NHITS,-0.0194138867279907
nasa_power_ghcn_temperate,PRECTOTCORR,30,NHITS,-0.0206016927069478
nasa_power_ghcn_temperate,PRECTOTCORR,1,PatchTST,0.048864388450645
nasa_power_ghcn_temperate,PRECTOTCORR,3,PatchTST,-0.0309189090037385
nasa_power_ghcn_temperate,PRECTOTCORR,7,PatchTST,-0.0329134249082709
nasa_power_ghcn_temperate,PRECTOTCORR,14,PatchTST,-0.0576931904313517
nasa_power_ghcn_temperate,PRECTOTCORR,30,PatchTST,-0.0549387692956246
nasa_power_ghcn_temperate,PRECTOTCORR,1,chronos2,0.0628825027606114
nasa_power_ghcn_temperate,PRECTOTCORR,3,chronos2,0.00011504081426
nasa_power_ghcn_temperate,PRECTOTCORR,7,chronos2,-0.0128160669280528
nasa_power_ghcn_temperate,PRECTOTCORR,14,chronos2,-0.0140029297065473
nasa_power_ghcn_temperate,PRECTOTCORR,30,chronos2,-0.0162354260248744
nasa_power_ghcn_temperate,PRECTOTCORR,1,chronos_bolt,0.0552460818817422
nasa_power_ghcn_temperate,PRECTOTCORR,3,chronos_bolt,-0.0012332920432225
nasa_power_ghcn_temperate,PRECTOTCORR,7,chronos_bolt,-0.013890241691379
nasa_power_ghcn_temperate,PRECTOTCORR,14,chronos_bolt,-0.0159450369445259
nasa_power_ghcn_temperate,PRECTOTCORR,30,chronos_bolt,-0.0195479002375966
nasa_power_ghcn_temperate,PRECTOTCORR,1,moirai2,0.0657576286356991
nasa_power_ghcn_temperate,PRECTOTCORR,3,moirai2,-0.0021975805047012
nasa_power_ghcn_temperate,PRECTOTCORR,7,moirai2,-0.0131361303905988
nasa_power_ghcn_temperate,PRECTOTCORR,14,moirai2,-0.0161280528591587
nasa_power_ghcn_temperate,PRECTOTCORR,30,moirai2,-0.0199289740117121
nasa_power_ghcn_temperate,PRECTOTCORR,1,sundial,-0.0551115334475418
nasa_power_ghcn_temperate,PRECTOTCORR,3,sundial,-0.1386724105057695
nasa_power_ghcn_temperate,PRECTOTCORR,7,sundial,-0.1659344413375882
nasa_power_ghcn_temperate,PRECTOTCORR,14,sundial,-0.1670063470855323
nasa_power_ghcn_temperate,PRECTOTCORR,30,sundial,-0.1677919129801024
nasa_power_ghcn_temperate,PRECTOTCORR,1,timesfm25,0.0506365822509206
nasa_power_ghcn_temperate,PRECTOTCORR,3,timesfm25,-0.0101877970717045
nasa_power_ghcn_temperate,PRECTOTCORR,7,timesfm25,-0.0159869414511459
nasa_power_ghcn_temperate,PRECTOTCORR,14,timesfm25,-0.0160756966280983
nasa_power_ghcn_temperate,PRECTOTCORR,30,timesfm25,-0.0178411936424454
nasa_power_ghcn_temperate,PRECTOTCORR,1,tirex,0.0768635357343934
nasa_power_ghcn_temperate,PRECTOTCORR,3,tirex,0.0025351904265996
nasa_power_ghcn_temperate,PRECTOTCORR,7,tirex,-0.0097779887364004
nasa_power_ghcn_temperate,PRECTOTCORR,14,tirex,-0.0099121716233023
nasa_power_ghcn_temperate,PRECTOTCORR,30,tirex,-0.0132719816555662
nasa_power_ghcn_temperate,PRECTOTCORR,1,toto2,0.0714366899392657
nasa_power_ghcn_temperate,PRECTOTCORR,3,toto2,-0.0019749216336877
nasa_power_ghcn_temperate,PRECTOTCORR,7,toto2,-0.0155905694690081
nasa_power_ghcn_temperate,PRECTOTCORR,14,toto2,-0.016770937944909
nasa_power_ghcn_temperate,PRECTOTCORR,30,toto2,-0.0206349789715416
nasa_power_ghcn_temperate,PRECTOTCORR,1,ttm_r2,-0.3720894563626178
nasa_power_ghcn_temperate,PRECTOTCORR,3,ttm_r2,-0.440186613962372
nasa_power_ghcn_temperate,PRECTOTCORR,7,ttm_r2,-0.4829163226100339
nasa_power_ghcn_temperate,PRECTOTCORR,14,ttm_r2,-0.4867955542961986
nasa_power_ghcn_temperate,PRECTOTCORR,30,ttm_r2,-0.4907393721670814
nasa_power_ghcn_temperate,T2M,1,AutoARIMA,0.4647329024240584
nasa_power_ghcn_temperate,T2M,3,AutoARIMA,0.1403898264544295
nasa_power_ghcn_temperate,T2M,7,AutoARIMA,0.063377712051416
nasa_power_ghcn_temperate,T2M,14,AutoARIMA,0.0399550605549418
nasa_power_ghcn_temperate,T2M,30,AutoARIMA,0.0408642408778857
nasa_power_ghcn_temperate,T2M,1,NHITS,0.4322967360435449
nasa_power_ghcn_temperate,T2M,3,NHITS,0.0921399806071697
nasa_power_ghcn_temperate,T2M,7,NHITS,-0.0520819453148804
nasa_power_ghcn_temperate,T2M,14,NHITS,-0.0592481360746828
nasa_power_ghcn_temperate,T2M,30,NHITS,-0.0616745170624659
nasa_power_ghcn_temperate,T2M,1,PatchTST,0.4452878834143526
nasa_power_ghcn_temperate,T2M,3,PatchTST,0.1408564015066666
nasa_power_ghcn_temperate,T2M,7,PatchTST,0.0608580725287523
nasa_power_ghcn_temperate,T2M,14,PatchTST,0.0412345572963209
nasa_power_ghcn_temperate,T2M,30,PatchTST,0.0365156814120782
nasa_power_ghcn_temperate,T2M,1,chronos2,0.4619562219426747
nasa_power_ghcn_temperate,T2M,3,chronos2,0.1547604393433265
nasa_power_ghcn_temperate,T2M,7,chronos2,0.0793123175500607
nasa_power_ghcn_temperate,T2M,14,chronos2,0.0557832521676689
nasa_power_ghcn_temperate,T2M,30,chronos2,0.0572676665779617
nasa_power_ghcn_temperate,T2M,1,chronos_bolt,0.4620992718232003
nasa_power_ghcn_temperate,T2M,3,chronos_bolt,0.152115976594119
nasa_power_ghcn_temperate,T2M,7,chronos_bolt,0.0769861895388381
nasa_power_ghcn_temperate,T2M,14,chronos_bolt,0.0504636728129764
nasa_power_ghcn_temperate,T2M,30,chronos_bolt,0.0474644113966936
nasa_power_ghcn_temperate,T2M,1,moirai2,0.4626022052819007
nasa_power_ghcn_temperate,T2M,3,moirai2,0.1492825290655135
nasa_power_ghcn_temperate,T2M,7,moirai2,0.0632200169564577
nasa_power_ghcn_temperate,T2M,14,moirai2,0.0332907891347271
nasa_power_ghcn_temperate,T2M,30,moirai2,0.024345698049154
nasa_power_ghcn_temperate,T2M,1,sundial,0.3979116800688979
nasa_power_ghcn_temperate,T2M,3,sundial,0.0429196091882172
nasa_power_ghcn_temperate,T2M,7,sundial,-0.0370924737453153
nasa_power_ghcn_temperate,T2M,14,sundial,-0.0636502114584958
nasa_power_ghcn_temperate,T2M,30,sundial,-0.0683738114739067
nasa_power_ghcn_temperate,T2M,1,timesfm25,0.4647965413103813
nasa_power_ghcn_temperate,T2M,3,timesfm25,0.1500382732880977
nasa_power_ghcn_temperate,T2M,7,timesfm25,0.0728879316349339
nasa_power_ghcn_temperate,T2M,14,timesfm25,0.0469589364482697
nasa_power_ghcn_temperate,T2M,30,timesfm25,0.0477125885863668
nasa_power_ghcn_temperate,T2M,1,tirex,0.4714762958282046
nasa_power_ghcn_temperate,T2M,3,tirex,0.1543620184251739
nasa_power_ghcn_temperate,T2M,7,tirex,0.0736078695594288
nasa_power_ghcn_temperate,T2M,14,tirex,0.0511015394535228
nasa_power_ghcn_temperate,T2M,30,tirex,0.0463712261441704
nasa_power_ghcn_temperate,T2M,1,toto2,0.4668894888363281
nasa_power_ghcn_temperate,T2M,3,toto2,0.1408840851917745
nasa_power_ghcn_temperate,T2M,7,toto2,0.0474340502865044
nasa_power_ghcn_temperate,T2M,14,toto2,0.0117358053955505
nasa_power_ghcn_temperate,T2M,30,toto2,0.0070617260666244
nasa_power_ghcn_temperate,T2M,1,ttm_r2,0.2317917239755168
nasa_power_ghcn_temperate,T2M,3,ttm_r2,-0.1123551125629134
nasa_power_ghcn_temperate,T2M,7,ttm_r2,-0.2236184471277549
nasa_power_ghcn_temperate,T2M,14,ttm_r2,-0.2477676490774916
nasa_power_ghcn_temperate,T2M,30,ttm_r2,-0.255708407692701
